"SID","Date_qx","mar_stat","binge1w","binge1m","binge1t","binge2w","binge2m","binge2t","binge3w","binge3m","binge3t","BIN_GA","BIN_SEX","BIN_WGT","M_dob","eth_white_v1","eth_abor_v1","eth_black_v1","eth_easian_v1","eth_sasian_v1","eth_latin_v1","eth_other_v1","eth_other_sp_v1","alc_freq_pre_v1","alc_curr_v1","alc_curr_v2","alc_curr_v3","sex_m_v1"
"32-TW-79",2011-07-08,1,777,777,0,0,0,0,777,777,777,39,0,3095,1972-10-27,0,0,0,0,0,0,1,"Turkish",7,0,0,0,1
"20-NX-81",2011-10-04,1,777,777,0,0,0,0,777,777,777,39,0,3140,1977-10-30,1,0,0,0,0,0,0,,6,0,0,0,1
"78-HT-66",2012-04-30,0,777,777,777,0,0,0,777,777,777,41,0,4055,1983-07-30,0,0,0,1,0,0,0,,4,0,0,0,1
"16-HK-44",2011-08-19,1,777,777,0,0,0,0,777,777,0,40,1,3050,1984-03-12,1,0,0,0,0,0,0,,1,0,0,1,1
"70-LC-45",2011-02-16,1,777,777,777,0,0,0,777,777,777,39,0,3862,1982-10-31,1,0,0,0,0,0,0,,7,0,0,1,1
"16-WN-98",2012-03-13,0,777,777,777,0,0,0,,,,39,0,4060,1980-12-02,0,0,0,0,1,0,0,,8,0,0,0,1
"65-LW-09",2010-12-14,1,777,777,1,,,,,,,39,1,3725,1983-12-23,0,0,1,0,0,0,0,,5,0,0,0,1
"09-ON-07",2010-12-03,1,777,777,777,888,888,888,777,777,0,34,1,2370,1981-03-15,0,0,0,0,0,0,1,"Turkish",8,0,0,0,1
"49-MG-88",2012-05-03,1,888,888,888,0,0,0,777,777,777,38,0,3465,1975-08-20,1,0,0,0,0,0,0,,7,0,1,0,1
"75-WM-93",2010-12-17,1,777,777,777,,,,,,,39,1,3445,1976-08-21,,,,,,,,,,0,0,0,1
"14-DX-08",2012-06-06,1,777,3,777,0,0,0,777,777,777,39,1,3235,1977-12-04,1,0,0,0,0,0,0,,3,0,0,0,1
"02-BH-41",2011-01-25,0,777,777,0,0,0,0,,,,30,0,1900,1980-02-19,0,0,0,0,1,0,0,,4,0,0,0,1
"01-PG-19",2011-12-29,0,777,777,0,0,0,0,777,777,0,38,0,3240,1979-05-06,1,0,0,0,0,0,0,,7,0,0,0,1
"27-XJ-72",2011-03-14,1,777,777,0,0,0,0,777,777,0,41,0,3306,1976-05-15,1,0,0,0,0,0,0,,8,0,0,0,1
"89-OY-80",2011-08-09,1,777,777,0,0,0,0,777,777,0,39,0,3806,1984-08-10,1,0,0,0,0,0,0,,7,0,0,0,
"23-KC-55",2010-11-04,1,0,777,777,0,0,0,777,777,777,37,1,2275,1974-11-18,0,0,1,0,0,0,1,"Arab",8,,0,0,1
"05-PZ-42",2011-12-13,0,777,777,0,0,0,0,,,,39,1,3405,1980-10-06,1,0,0,0,0,0,0,,8,0,0,0,1
"93-FG-44",2010-11-04,1,777,777,999,0,0,0,,,,38,0,3370,1975-04-05,1,0,0,0,0,0,0,,3,0,0,0,1
"34-XW-30",2011-11-16,0,777,777,777,0,0,0,,,,30,1,2520,1979-03-23,0,0,0,1,0,0,0,,7,0,0,0,1
"67-XQ-59",2011-09-08,2,777,777,777,0,0,0,777,777,777,39,0,4040,1982-03-19,0,0,1,0,0,0,0,,5,0,0,0,1
"68-BI-18",2012-02-06,0,777,777,777,0,0,0,777,777,777,41,0,3150,1985-12-17,1,0,0,0,0,0,0,,2,1,0,0,1
"58-LP-93",2010-06-23,2,777,777,777,0,0,0,777,777,777,,1,4030,1985-10-16,0,0,0,0,0,0,1,"Turkish",7,0,0,0,1
"30-DN-78",2011-06-08,1,0,777,777,0,0,0,777,777,777,39,0,3710,1984-05-15,1,0,0,0,0,0,0,,8,0,0,0,1
"50-ZO-14",2012-05-25,0,777,777,0,0,0,0,777,777,777,40,1,2905,1981-12-05,0,0,1,0,0,0,0,,8,0,0,0,1
"66-XY-61",2012-03-05,0,777,777,777,0,0,0,777,777,777,41,1,3880,1978-11-20,0,0,0,0,0,1,0,,3,1,1,0,1
"67-EQ-98",2011-06-13,1,777,777,777,0,0,0,777,777,777,38,1,3370,1977-05-13,0,0,0,0,1,0,0,,3,0,0,0,1
"48-VP-22",2012-04-12,1,777,777,777,0,0,0,777,777,777,39,1,3388,1981-11-29,1,0,0,0,0,1,0,,8,0,0,0,1
"52-SX-72",2012-02-17,5,0,777,777,0,0,0,777,0,777,41,0,3575,1983-01-29,1,0,0,0,0,0,0,,6,0,0,,1
"93-TO-26",2012-06-05,0,0,777,777,0,0,0,0,777,777,39,1,3520,1970-01-19,1,0,0,0,0,0,0,,7,1,0,0,1
"63-WZ-14",2012-03-14,0,777,777,777,0,0,0,777,777,777,41,1,3215,1985-05-09,1,0,0,0,0,0,0,,7,1,0,1,1
"14-RF-28",2012-01-13,0,777,777,777,0,0,0,777,777,777,39,1,3150,1987-12-30,0,0,0,0,0,0,1,"Jewish",7,0,1,0,1
"48-RA-23",2012-05-24,1,777,777,777,,,,777,777,777,41,0,3354,1989-10-10,1,0,0,0,0,0,0,,2,0,0,0,1
"77-VL-02",2011-01-07,0,777,777,777,0,0,0,777,777,777,39,0,3425,1980-11-29,1,0,0,0,0,0,0,,6,0,0,1,1
"13-QU-94",2011-07-21,1,777,777,0,0,0,0,777,777,0,40,0,4055,1973-10-27,1,0,0,0,0,0,0,,5,0,0,0,1
"69-AA-17",2011-06-21,0,777,0,777,0,0,0,777,777,777,39,0,3450,1974-02-24,1,0,0,0,0,0,0,,8,0,0,0,1
"39-GU-60",2012-02-23,0,0,777,777,0,0,0,777,777,0,41,1,3770,1982-04-02,0,0,1,0,0,0,0,,7,0,0,0,1
"96-OM-16",2011-01-07,0,777,777,777,0,0,0,777,777,777,39,1,3701,1980-06-25,1,0,0,0,1,0,0,,8,0,0,,1
"91-WP-90",2012-04-24,1,0,777,777,0,0,0,777,777,777,39,1,3070,1975-01-22,0,0,0,0,0,1,0,,5,0,0,0,1
"51-IA-53",2011-04-04,1,777,777,0,,,,,,,35,1,2865,1989-05-09,1,0,0,0,0,0,0,,4,0,0,0,1
"29-CG-82",2011-03-04,1,777,777,777,0,0,0,777,777,777,37,0,3470,1983-05-05,1,0,0,0,0,0,0,,8,0,0,0,1
"04-LQ-22",2010-10-28,0,777,777,777,0,0,0,777,777,777,40,0,2880,1975-05-08,0,1,0,0,0,0,0,,,0,0,0,1
"29-RP-81",2011-05-03,1,777,777,777,,,,,,,40,0,3747,1978-08-19,0,0,0,1,0,0,0,,4,0,0,0,1
"35-CO-11",2012-02-29,0,777,777,777,0,0,0,777,777,777,39,0,3310,1980-02-19,1,0,0,0,0,0,0,,8,0,0,,1
"14-RT-28",2012-04-12,1,0,777,777,0,0,0,777,777,777,39,1,2850,1985-10-19,0,0,1,1,0,0,0,,8,0,0,0,1
"75-UP-82",2010-12-04,0,0,0,0,0,0,0,777,777,0,40,1,3372,1982-06-30,0,0,1,0,0,0,0,,8,0,0,0,1
"39-AO-10",2012-06-04,0,777,777,777,0,0,0,0,777,777,39,1,3405,1981-08-15,,,,,,,,,3,0,,1,1
"96-JB-52",2012-01-18,0,0,777,777,0,0,0,777,777,777,38,0,3384,1979-08-29,0,0,0,1,0,0,0,,3,0,0,0,1
"15-KB-72",2012-04-27,0,777,777,777,0,0,0,777,777,777,41,1,2595,1982-12-30,1,0,0,0,0,0,0,,8,0,0,0,1
"84-WD-58",2010-12-01,1,777,777,777,0,0,0,777,777,777,37,1,3819,1973-02-17,0,0,0,0,1,0,0,,7,0,0,0,1
"75-LS-66",2012-01-30,1,777,777,777,0,0,0,777,777,777,40,1,3140,1986-05-16,0,0,0,0,1,0,0,,4,0,0,0,1
"81-JL-69",2011-06-27,1,777,777,0,0,0,0,777,777,777,39,1,2562,1973-06-08,1,0,0,0,0,0,0,,8,0,0,0,1
"07-SN-97",2012-02-15,0,777,777,777,0,0,0,777,777,777,36,0,2360,1971-08-03,0,0,0,0,0,0,1,"Arab",5,0,0,0,1
"37-LS-94",2011-08-17,1,777,777,777,0,0,0,,,,39,0,3415,1982-12-17,0,0,0,0,0,0,1,"Jewish",8,0,0,0,1
"17-PX-02",2012-07-06,1,777,777,0,0,0,0,777,777,777,39,1,2590,1982-12-17,1,0,0,0,0,0,0,,7,0,0,0,1
"99-QN-24",2012-03-07,0,777,4,777,0,0,0,777,777,777,40,1,3870,1979-09-13,1,0,0,0,0,0,0,,4,0,0,,1
"67-XM-91",2011-09-28,1,1,777,777,0,0,0,777,777,777,37,0,3000,1987-03-13,,,,,,,,,4,0,0,0,1
"39-NA-25",2011-12-14,1,777,777,777,0,0,0,777,777,777,40,0,3810,1978-07-14,1,0,0,0,0,0,0,,1,0,0,0,1
"49-RZ-36",2010-10-07,0,777,777,777,0,0,0,777,777,777,39,1,3230,1980-11-02,0,0,1,0,0,0,0,,7,0,1,0,1
"49-HE-47",2012-03-28,1,777,777,777,0,0,0,777,777,0,40,1,3255,1976-03-18,1,0,0,0,0,0,0,,8,0,0,0,1
"98-MV-89",2012-02-23,0,777,777,0,0,0,0,777,777,777,37,0,3365,1981-04-07,0,0,1,0,0,0,0,,8,0,0,0,1
"30-GB-86",2011-11-07,1,777,777,777,0,0,0,777,777,777,40,1,3270,1981-10-09,1,0,0,0,0,0,0,,3,0,0,0,1
"25-EK-62",2011-10-26,0,777,777,888,0,0,0,777,777,777,39,1,3193,1975-06-10,1,0,0,0,0,0,0,,8,0,0,0,1
"07-KD-17",2011-09-23,0,777,777,777,0,0,0,777,777,777,38,1,2755,1974-09-01,0,1,0,0,0,0,0,,3,0,0,1,1
"66-EL-41",2011-10-18,1,0,777,777,0,0,0,777,777,777,40,1,3880,1973-12-05,0,0,0,0,1,0,0,,7,0,0,0,1
"59-CL-00",2010-11-19,0,777,777,777,,,,,,,39,0,3425,1983-10-25,1,0,0,0,0,0,0,,7,0,0,0,1
"77-DD-98",2011-05-05,1,777,777,777,888,999,888,777,777,777,39,1,2842,1983-05-09,0,0,0,1,0,0,0,,3,1,0,0,1
"90-RZ-35",2012-04-24,0,777,777,777,0,0,0,777,777,777,40,1,3505,1981-06-28,0,0,0,0,0,1,0,,3,1,0,0,1
"94-YM-12",2012-04-26,0,777,777,777,0,0,0,777,777,777,38,1,3090,1982-04-09,0,0,1,0,0,0,0,,7,0,0,0,1
"81-UW-14",2012-01-24,1,777,777,777,0,0,0,777,777,777,40,0,3657,1983-02-02,1,0,0,0,0,0,0,,8,0,0,0,1
"13-JS-28",2012-03-13,1,777,777,0,0,0,0,777,777,0,40,0,3675,1972-02-23,0,0,0,0,1,0,0,,8,0,0,0,1
"53-PV-69",2012-05-09,1,777,777,2,0,0,0,0,777,777,37,1,2545,1985-07-28,0,0,1,0,0,0,0,,1,0,1,0,1
"06-TE-14",2011-08-05,2,777,777,777,0,0,0,777,777,777,38,0,3378,1976-03-30,1,0,0,0,0,0,0,,8,0,0,0,1
"15-AU-79",2010-06-17,1,777,777,777,888,888,888,777,0,0,38,1,3185,1985-09-16,0,1,0,0,0,0,0,,8,0,0,0,1
"78-CY-42",2012-01-12,1,777,777,0,0,0,0,777,777,0,39,0,2313,1976-06-30,1,0,0,0,0,0,1,"Turkish",8,0,0,0,1
"80-MJ-97",2011-03-21,1,777,777,777,0,0,0,777,777,777,37,1,3210,1983-05-10,0,0,0,0,0,0,1,"Jewish",2,0,1,0,1
"39-WL-32",2012-05-09,0,777,777,777,0,0,0,777,777,777,40,0,4080,1973-07-20,0,0,1,0,0,0,0,,4,,0,0,1
"52-VV-72",2012-06-11,1,777,777,1,0,0,0,777,777,777,39,0,3516,1984-02-09,1,0,0,0,0,0,0,,7,0,0,0,1
"07-BY-32",2012-03-05,0,777,0,777,0,0,0,777,777,0,39,1,3740,1978-03-26,0,0,0,0,0,0,1,"Arab",7,0,0,0,1
"43-QW-54",2011-09-26,1,777,777,777,0,0,0,777,777,777,40,0,3750,1984-01-02,0,0,0,0,0,1,0,,8,0,0,0,1
"50-YB-22",2012-05-24,0,777,777,777,0,0,0,777,777,777,39,0,3310,1980-01-29,1,0,0,0,0,0,0,,4,1,0,0,1
"66-IP-77",2010-11-16,0,777,777,0,0,0,0,777,777,777,40,1,3854,1978-08-27,0,0,0,0,0,0,1,"Mixed",6,0,0,0,1
"90-VJ-38",2011-07-08,0,777,777,0,0,0,0,777,777,777,39,1,2970,1977-07-28,0,0,0,1,0,0,0,,8,0,0,0,1
"94-GC-17",2012-03-30,1,777,777,777,0,0,0,777,777,777,39,1,3380,1990-12-24,0,0,0,0,1,0,0,,8,0,0,0,1
"92-LQ-88",2012-04-10,0,777,777,777,0,0,0,777,777,777,37,1,3535,1976-11-12,0,0,1,0,0,0,0,,6,1,1,0,1
"27-MI-12",2012-05-31,0,777,777,777,0,0,0,777,777,777,39,0,3420,1976-08-14,1,0,0,0,0,0,0,,8,0,0,0,1
"18-JA-72",2012-03-14,0,777,777,777,0,0,0,,,,39,1,3370,1978-06-22,0,0,0,0,1,0,0,,8,0,0,0,1
"36-QY-16",2012-04-12,0,777,777,0,0,0,0,777,777,777,40,0,3313,1981-11-30,0,0,0,0,0,0,1,"Mixed",8,0,0,0,1
"25-AO-02",2010-07-08,1,888,888,888,0,0,0,777,777,777,39,0,3920,1978-04-04,1,0,0,0,1,0,0,,4,1,0,0,1
"01-WV-07",2010-11-15,0,777,777,777,0,0,0,777,777,777,39,1,3880,1973-09-06,1,0,0,0,0,0,0,,4,0,1,0,1
"30-OY-36",2011-08-31,1,777,777,777,0,1,0,777,777,777,41,0,3495,1981-05-14,0,0,0,0,0,0,1,"Arab",7,1,0,0,1
"44-YG-68",2012-01-06,1,777,777,0,0,0,0,,,,39,1,3292,1981-06-02,0,0,0,0,0,1,0,,7,0,0,0,1
"68-NM-17",2010-09-08,1,777,777,777,0,0,0,777,0,777,39,0,3150,1976-07-30,0,0,0,0,1,0,0,,3,0,0,0,1
"90-UT-17",2011-05-03,1,777,777,777,0,0,0,777,777,777,38,0,3250,1977-01-10,0,0,0,0,0,1,0,,8,0,0,0,1
"69-QQ-52",2012-06-28,1,0,777,777,0,0,0,777,777,777,41,1,4466,1983-05-24,1,0,0,0,0,0,1,"Turkish",8,0,0,0,1
"06-AU-68",2012-05-29,2,0,777,777,0,0,0,777,777,777,39,1,2670,1978-08-26,1,0,0,0,0,0,0,,8,0,0,0,1
"42-VC-74",2012-06-18,0,777,777,0,0,0,0,777,777,777,34,0,1940,1980-11-27,1,0,0,0,0,0,0,,8,0,0,0,1
"91-JN-74",2012-05-03,1,777,777,777,0,0,0,777,777,777,39,0,3442,1982-05-07,1,0,0,0,0,0,0,,8,0,0,0,1
"21-GY-21",2011-12-20,1,0,777,777,0,0,0,777,777,777,39,1,3388,1985-05-16,0,0,0,0,0,0,1,"Turkish",4,0,0,0,1
"56-TQ-31",2012-06-26,0,777,777,777,0,0,0,777,777,777,40,1,3010,1983-11-17,0,0,0,0,0,0,1,"Arab",6,0,0,0,1
"91-CI-33",2011-05-06,1,0,777,777,0,0,0,777,777,0,39,1,2872,1975-01-12,1,0,0,0,0,0,0,,8,,0,0,1
"20-GW-73",2010-12-09,1,777,777,777,0,0,0,777,777,777,39,0,3715,1970-04-19,1,0,0,0,0,0,0,,8,0,0,0,1
"27-AL-34",2012-01-04,1,777,777,777,0,0,0,777,777,777,39,0,3440,1981-07-10,0,0,0,1,0,0,0,,8,0,0,0,1
"27-RL-96",2011-06-20,0,777,777,777,0,0,0,777,777,777,36,1,2592,1981-12-07,1,0,0,0,0,0,0,,7,0,0,0,1
"36-XY-92",2012-03-12,1,777,777,777,0,0,0,777,777,888,38,1,3210,1985-09-09,1,0,0,0,0,0,0,,8,0,0,0,1
"10-OI-25",2011-06-08,1,777,777,777,0,0,0,777,777,777,39,1,3694,1984-07-05,0,0,1,0,0,0,0,,8,0,0,0,1
"08-DA-92",2012-06-21,1,777,777,0,0,0,0,777,777,777,38,0,2810,1989-09-04,1,0,0,0,0,0,0,,4,0,0,0,1
"72-NS-05",2011-08-15,1,777,777,777,0,0,0,777,777,777,39,1,3084,1986-08-14,1,0,0,0,0,0,0,,8,0,0,0,1
"71-IA-91",2011-09-13,1,777,0,777,0,0,0,777,777,0,37,0,3360,1982-06-21,0,0,0,0,0,0,1,"Persian",8,0,0,0,1
"55-KM-03",2012-07-17,0,777,777,0,0,0,0,0,777,777,39,0,3430,1977-08-27,0,1,0,0,0,0,0,,7,0,0,0,1
"70-HQ-74",2011-03-09,1,777,777,777,0,0,0,777,777,777,38,1,3202,1984-04-04,1,0,0,0,0,0,0,,7,0,0,0,1
"34-ZF-35",2011-05-02,0,777,777,0,0,0,0,777,777,777,40,1,3885,1977-07-20,1,0,0,0,0,0,0,,5,0,0,0,1
"50-XY-51",2011-09-23,0,777,777,777,0,0,0,777,777,777,37,1,2685,1974-09-10,,,,,,,,,7,0,0,0,1
"34-CD-40",2012-02-23,0,777,777,777,0,0,0,777,777,777,36,0,2832,1971-04-07,,,,,,,,,3,1,0,0,1
"99-ER-44",2012-04-27,1,777,777,777,0,0,0,777,777,777,37,1,3035,1978-03-22,1,0,0,0,0,0,0,,7,0,0,0,1
"07-ED-29",2012-05-10,0,777,777,777,0,0,0,777,777,777,38,1,3720,1977-09-16,0,0,0,1,0,0,0,,8,0,0,0,1
"84-YV-00",2011-02-15,0,777,777,0,0,0,0,777,777,0,40,1,3582,1975-10-18,0,0,0,1,0,0,0,,7,0,0,0,1
"96-PB-98",2012-05-15,1,777,777,777,0,0,0,777,777,777,38,0,3253,1990-07-25,1,0,0,0,0,0,0,,7,0,0,0,1
"17-MP-46",2012-03-08,1,777,777,0,0,0,0,777,777,0,41,0,3760,1984-09-26,1,0,0,0,0,0,0,,7,0,1,0,1
"98-UH-91",2011-08-11,1,777,777,0,0,0,0,777,777,0,40,0,4270,1980-12-14,1,0,0,0,0,0,0,,4,0,0,0,1
"99-BX-73",2011-12-22,1,777,777,777,0,0,0,777,777,777,39,0,3595,1983-07-14,0,0,0,0,0,1,0,,7,1,0,0,1
"66-NJ-88",2010-12-14,0,777,777,777,0,0,0,777,777,777,38,1,3392,1984-11-10,0,0,0,0,0,0,1,"Arab",4,0,0,0,1
"86-HA-92",2012-05-30,3,777,777,0,0,0,0,0,777,777,39,0,3210,1979-02-18,1,0,0,0,0,0,0,,8,0,0,0,1
"14-EB-00",2010-10-29,2,777,777,2,0,0,0,777,777,777,38,1,4320,1980-07-03,1,0,0,0,0,0,0,,8,0,0,0,1
"20-CT-68",2010-12-01,0,777,777,777,,,,,,,40,0,3290,1972-11-05,1,0,0,0,0,0,0,,4,0,1,0,1
"34-KR-48",2011-06-30,1,777,777,0,0,0,0,777,777,0,41,1,4225,1980-04-04,1,0,0,0,0,0,0,,3,0,0,0,1
"96-ZE-14",2012-04-17,1,777,777,1,0,0,0,777,777,777,39,0,3992,1984-06-20,0,0,1,0,0,0,0,,3,0,0,0,1
"19-LH-85",2010-09-22,1,777,777,0,0,0,0,777,777,0,39,0,3285,1979-06-20,0,0,1,0,0,0,0,,4,0,1,1,1
"49-KL-09",2012-04-10,1,777,777,777,0,0,0,777,777,777,41,1,3225,1979-05-03,1,0,0,0,0,0,0,,8,0,0,0,1
"57-XI-01",2010-11-05,1,777,777,777,0,0,0,777,777,777,38,1,3870,1980-07-17,0,0,0,1,0,0,0,,8,0,0,0,1
"15-MF-06",2011-05-25,1,777,777,777,,,,777,777,777,40,0,4595,1977-11-11,1,0,0,0,0,0,0,,8,0,0,0,1
"58-HC-68",2011-06-08,1,777,777,777,0,0,0,777,777,777,41,0,3295,1972-07-20,1,0,0,0,0,0,0,,3,0,1,0,1
"54-RV-29",2011-02-11,1,777,777,777,0,0,0,777,777,777,39,0,3440,1978-10-10,1,0,0,0,0,0,0,,8,0,0,0,1
"59-QG-68",2011-12-15,1,777,777,777,0,0,0,777,777,0,39,1,3030,1983-10-14,0,0,1,0,0,0,0,,2,0,0,0,1
"87-BD-27",2011-01-10,0,777,777,0,888,888,888,0,777,777,41,1,3892,1982-03-27,1,0,0,0,0,0,0,,8,0,0,0,1
"91-IK-91",2012-02-20,0,0,777,777,0,0,0,0,777,777,,0,3018,1979-09-07,1,0,0,0,0,0,0,,7,,0,0,1
"51-HA-34",2011-02-22,1,777,777,777,0,0,0,777,777,777,40,0,3910,1982-07-28,0,1,0,0,0,0,0,,5,0,0,0,1
"88-LO-25",2012-01-25,1,777,777,777,0,0,0,777,777,0,40,1,3750,1983-02-02,1,0,0,0,0,0,0,,1,0,0,0,1
"91-QB-66",2011-08-26,1,777,777,3,0,0,0,777,777,0,38,0,2968,1986-03-22,1,0,0,0,0,0,0,,7,1,0,0,1
"88-KZ-61",2011-05-10,0,777,777,777,0,0,0,777,777,777,38,0,2875,1980-01-10,1,0,0,0,0,0,0,,7,0,0,0,1
"00-FJ-38",2011-11-15,1,0,777,777,0,0,0,0,777,777,41,0,4490,1980-06-18,0,0,0,0,0,1,0,,,0,0,0,1
"18-SS-31",2012-04-16,0,777,777,777,0,0,0,777,777,777,40,0,3855,1981-01-14,0,0,1,0,0,0,0,,2,0,0,0,1
"73-DI-76",2011-11-25,1,777,777,1,0,0,0,777,777,777,40,1,3560,1977-11-20,1,0,0,0,0,0,0,,4,0,0,0,1
"60-MR-72",2011-12-21,0,777,777,777,0,0,0,777,777,777,39,1,3193,1977-05-13,0,0,0,1,0,0,0,,3,0,0,0,1
"99-ON-01",2011-01-27,1,777,777,777,,,,,,,38,1,3478,1981-04-19,0,0,0,0,0,1,0,,7,0,0,0,1
"57-QQ-05",2011-03-27,0,777,777,777,0,0,0,777,777,777,41,0,3092,1971-04-30,1,0,0,0,0,0,0,,7,0,1,0,1
"42-KD-60",2010-09-14,0,777,777,777,0,0,0,,,,40,0,3077,1978-08-28,0,0,1,0,0,0,0,,3,0,0,0,1
"81-NU-08",2011-11-14,0,777,777,777,0,0,0,777,777,777,38,0,3450,1986-07-06,1,0,0,0,0,0,0,,8,0,0,0,1
"97-AM-57",2012-02-24,0,777,777,777,0,0,0,777,777,777,39,1,3635,1979-07-26,0,0,1,0,0,0,0,,7,0,0,0,1
"11-CA-66",2011-11-07,1,777,777,0,0,0,0,777,777,777,39,0,4043,1981-02-26,0,0,0,0,1,0,0,,2,0,0,0,1
"70-IB-92",2010-07-06,0,0,777,777,0,0,0,777,777,0,39,0,2945,1985-04-02,1,0,0,0,0,0,0,,6,0,0,0,1
"90-PD-18",2011-03-16,0,777,777,777,0,0,0,777,777,777,40,0,3600,1971-12-21,1,0,0,0,0,0,0,,8,0,0,0,1
"62-VW-39",2010-08-20,1,777,777,777,0,0,0,777,777,777,37,1,2275,1987-05-13,1,0,0,0,0,0,0,,5,0,0,0,1
"97-KP-51",2011-01-17,1,777,777,777,0,0,0,777,777,777,39,1,3248,1984-03-21,1,0,0,0,0,0,0,,4,0,0,0,1
"23-EX-09",2011-06-20,1,777,777,777,0,0,0,777,777,777,,0,4030,1988-05-01,1,0,0,0,0,0,0,,6,0,0,0,1
"25-QS-66",2012-07-16,1,0,777,777,0,0,0,0,777,777,40,1,3600,1977-05-24,1,0,0,0,0,0,0,,3,0,0,0,1
"79-TY-02",2012-02-15,3,0,777,777,0,0,0,777,777,0,40,0,2936,1979-05-21,1,0,0,0,0,0,0,,7,0,0,0,1
"69-BZ-84",2012-05-31,0,777,777,777,0,0,0,777,777,777,33,0,2600,1971-11-07,0,0,0,0,0,1,0,,8,0,0,0,1
"59-YL-92",2012-03-26,0,777,777,777,0,0,0,777,777,777,37,1,3019,1982-04-03,1,0,0,0,0,0,0,,5,0,0,0,1
"56-CF-57",2010-10-08,0,777,777,2,0,0,0,777,0,777,40,1,3945,1981-11-30,0,0,0,0,0,0,1,"Persian",8,0,0,0,1
"39-BY-83",2011-12-09,1,777,777,777,0,0,0,,,,31,0,1560,1981-04-26,1,0,0,0,0,0,0,,7,1,0,0,1
"14-IC-13",2011-09-29,1,777,777,999,0,0,0,777,777,777,39,0,3286,1986-03-18,0,0,0,1,0,0,0,,8,0,0,0,1
"50-PM-14",2012-04-20,2,777,777,777,0,0,0,777,777,777,37,1,2842,1980-09-04,1,0,0,0,0,0,0,,8,0,0,0,1
"80-NG-42",2011-12-08,0,777,777,777,0,0,0,777,777,777,39,1,3030,1982-12-16,1,0,0,0,0,0,0,,7,0,1,0,1
"26-BQ-66",2011-10-28,2,777,777,777,0,0,0,777,777,777,40,0,3485,1980-09-22,0,0,0,1,1,0,0,,4,0,0,0,1
"22-CA-46",2011-05-25,1,0,777,777,0,0,0,777,777,777,35,1,2945,1981-01-15,0,0,0,0,0,0,1,"Persian",1,0,0,0,1
"23-GG-78",2012-06-13,0,777,777,777,0,0,0,777,777,777,39,0,3850,1981-08-17,1,0,0,0,0,0,0,,4,0,0,0,1
"39-BS-71",2011-02-01,1,777,777,777,0,0,0,0,777,777,41,1,3875,1973-09-02,1,0,0,0,0,0,0,,8,0,0,0,1
"08-PR-72",2011-08-22,1,777,777,0,0,0,0,777,777,777,40,0,3630,1980-02-10,1,0,0,0,0,0,0,,8,0,0,0,1
"87-UI-55",2010-06-25,0,777,777,777,0,0,0,777,777,777,39,0,3430,1980-03-14,0,0,0,0,1,0,0,,7,0,0,0,1
"63-AI-42",2010-07-29,2,777,777,0,,,,,,,39,1,3508,1980-04-26,1,0,0,0,0,0,0,,8,0,0,0,1
"26-FY-18",2011-09-22,1,777,777,0,0,0,0,777,777,777,38,1,3145,1980-06-25,1,0,0,0,0,0,0,,8,0,0,0,1
"84-IU-94",2011-02-09,1,777,777,777,0,0,0,777,777,777,38,1,3452,1980-04-04,0,0,0,0,0,0,1,"Persian",7,0,1,0,1
"80-CU-59",2011-07-06,1,777,777,0,0,0,0,777,777,777,39,0,3430,1980-10-06,1,0,0,0,0,0,0,,4,0,0,0,1
"49-XV-82",2012-04-27,1,777,777,777,0,0,0,777,777,777,41,0,3714,1980-08-12,1,0,0,0,0,0,0,,5,0,0,0,1
"37-SL-98",2010-11-04,0,777,0,777,0,0,0,777,777,777,39,0,3308,1975-05-03,1,0,0,0,0,0,0,,5,0,0,0,1
"66-HQ-43",2011-03-10,0,777,777,777,0,0,0,0,777,777,41,1,3575,1972-06-07,1,0,0,0,0,0,0,,6,0,1,0,1
"44-ZL-68",2012-06-19,1,0,777,777,0,0,0,0,777,777,41,0,3150,1983-06-24,0,0,0,0,0,1,0,,6,0,0,0,1
"64-OV-93",2010-08-05,1,777,777,2,0,0,0,777,777,0,40,1,3878,1966-10-28,1,0,0,0,0,0,0,,8,0,0,0,1
"93-DW-04",2010-11-11,1,888,888,888,0,0,0,0,0,777,40,0,3650,1972-09-13,1,0,0,0,0,0,0,,4,,0,0,1
"46-CE-25",2010-11-26,0,777,777,777,0,0,0,777,777,777,33,0,1725,1983-01-08,0,1,0,0,0,0,0,,3,0,0,0,1
"52-PG-57",2011-02-24,1,0,0,0,0,0,0,777,777,777,41,0,3055,1977-10-04,1,0,0,0,0,0,0,,8,0,0,0,1
"65-QM-08",2011-04-18,0,777,777,777,,,,,,,40,0,3855,1976-07-29,0,0,0,0,0,0,1,"Arab",6,0,0,0,1
"22-QY-29",2011-09-27,1,0,0,0,0,0,0,777,777,777,39,0,3465,1987-05-02,1,0,0,0,0,0,0,,7,0,0,0,1
"83-SJ-35",2011-12-01,1,777,777,0,0,0,0,0,777,777,39,0,2750,1977-12-17,0,0,0,1,0,0,0,,2,0,1,0,1
"59-UO-93",2011-06-07,1,0,777,777,0,0,0,777,777,777,40,0,3265,1984-01-05,1,0,0,0,0,0,0,,7,0,0,0,1
"59-BP-12",2012-03-06,0,777,777,777,0,0,0,777,777,777,39,1,3630,1977-11-16,,,,,,,,,8,0,0,0,1
"52-XH-72",2011-03-09,0,777,777,777,0,0,0,777,777,777,39,0,3190,1983-08-18,1,0,0,0,0,0,0,,4,0,0,0,1
"39-PY-39",2012-05-28,1,777,777,777,0,0,0,777,777,777,37,0,3210,1982-02-26,1,0,0,0,0,0,0,,8,0,0,0,1
"65-KZ-96",2012-03-19,0,777,777,777,0,0,0,777,777,777,39,1,3102,1981-07-30,1,0,0,0,0,0,0,,8,0,0,0,1
"34-AQ-15",2012-03-05,0,777,777,777,0,0,0,777,777,777,40,1,3510,1982-03-16,0,0,0,0,0,0,1,"Turkish",5,0,0,0,1
"23-XK-50",2012-02-23,0,777,777,777,0,0,0,777,777,777,39,0,2510,1967-01-12,1,0,0,0,0,0,0,,8,0,0,0,1
"37-HS-81",2010-11-16,0,777,777,777,0,0,0,777,777,777,39,0,3225,1976-02-26,1,1,0,0,0,0,0,,8,0,0,0,1
"19-FP-65",2012-02-17,0,777,777,1,0,0,0,777,777,777,36,1,2886,1979-01-15,0,0,0,0,0,1,0,,8,0,0,0,1
"83-GU-11",2012-07-23,1,777,777,0,0,0,0,0,777,777,40,1,4050,1975-03-26,1,0,0,0,0,0,0,,7,0,0,0,1
"59-LX-82",2012-04-10,0,777,777,777,0,0,0,777,777,777,38,0,3540,1984-08-02,0,0,0,0,1,0,1,"Mixed",7,0,0,0,1
"12-OM-04",2011-02-03,0,777,777,777,0,0,0,777,777,777,40,0,3855,1979-03-04,1,0,0,0,0,0,0,,8,0,0,0,1
"02-QP-51",2011-11-16,1,777,777,0,0,0,0,777,777,777,38,1,2775,1982-11-27,1,0,0,0,0,0,0,,8,0,0,0,1
"93-NW-50",2011-06-13,1,777,777,777,0,0,0,777,777,777,39,1,3300,1979-01-24,1,0,0,0,0,0,0,,6,0,0,0,1
"04-OP-80",2011-12-20,0,777,777,777,0,0,0,777,777,777,39,0,3610,1979-02-23,1,0,0,0,0,1,0,,8,0,0,0,1
"14-IU-63",2011-10-07,1,777,777,0,0,0,0,777,777,777,38,0,2592,1984-12-01,0,0,0,0,1,0,0,,6,0,0,0,1
"40-CU-91",2010-08-18,0,777,777,777,0,0,0,777,777,777,40,0,3764,1978-05-28,1,0,0,1,0,0,0,,8,0,0,0,1
"75-WL-48",2011-08-05,0,777,777,777,0,0,0,777,777,777,40,1,4556,1969-04-21,0,0,0,0,0,1,0,,6,0,0,0,1
"12-TU-85",2011-06-30,1,777,777,0,0,0,0,777,777,777,38,1,3715,1982-10-27,0,0,0,0,0,0,1,"Persian",6,1,0,0,1
"02-XG-21",2011-05-10,1,777,777,0,0,0,0,777,777,777,41,0,3715,1978-01-30,1,0,0,0,0,0,1,"Mixed",7,0,0,0,1
"71-TC-91",2011-11-28,2,777,777,777,,,,,,,40,0,2850,1985-09-15,1,0,0,0,0,0,0,,5,0,0,0,1
"59-DA-70",2012-01-03,1,777,777,0,0,0,0,777,777,777,37,1,2624,1981-11-23,0,0,0,0,0,1,0,,8,0,0,0,1
"74-SY-66",2011-05-26,2,777,777,777,0,0,0,777,777,777,38,0,2700,1978-05-08,0,0,1,0,0,0,0,,2,0,0,0,1
"40-ZC-10",2012-03-14,4,0,777,777,0,0,0,777,777,777,38,1,3280,1973-01-31,0,0,1,0,0,0,0,,8,0,0,0,1
"31-CI-41",2010-10-14,1,777,777,777,0,0,0,777,777,777,40,0,3190,1978-06-12,,,,,,,,,7,0,0,0,1
"56-GD-27",2011-06-07,1,777,777,777,0,0,0,777,0,777,36,0,2550,1982-03-17,0,0,1,0,0,0,0,,8,0,0,0,1
"72-FM-43",2011-06-15,2,777,777,777,0,0,0,777,777,777,38,1,2762,1989-03-01,1,0,0,0,0,0,0,,7,0,0,0,1
"16-PB-28",2010-10-05,1,777,777,0,0,0,0,777,888,777,38,0,2695,1981-12-22,1,0,0,0,0,0,0,,4,0,0,1,1
"45-VF-95",2011-01-11,0,777,777,777,0,0,0,0,777,777,39,1,3374,1983-07-29,1,0,0,0,0,0,0,,4,0,0,0,1
"50-VU-10",2011-07-19,0,777,777,777,0,0,0,777,777,777,38,1,3250,1977-06-23,0,0,1,0,0,0,0,,3,0,0,0,1
"59-ZX-82",2011-11-04,1,777,777,3,0,0,0,777,777,777,37,0,3061,1980-07-19,1,0,0,0,0,0,0,,4,0,0,0,1
"87-YD-65",2011-12-27,0,777,777,777,0,0,0,777,777,777,39,0,3130,1978-02-04,0,0,0,1,0,0,0,,8,0,0,0,1
"07-OU-48",2012-03-15,0,777,777,777,0,0,0,777,777,777,38,1,3960,1981-06-02,0,0,0,0,1,0,0,,8,0,0,0,1
"38-CK-21",2012-01-30,2,777,777,777,0,0,0,888,,777,39,0,3620,1989-03-16,1,0,0,0,0,0,0,,7,0,0,0,1
"45-XA-96",2011-02-10,1,888,888,888,0,0,0,0,777,777,40,1,3225,1981-12-09,1,0,0,0,0,0,0,,7,0,0,0,1
"97-RA-76",2012-04-19,1,777,777,777,0,0,0,777,777,777,39,1,3440,1991-06-02,1,0,0,0,0,0,0,,7,0,1,0,1
"28-EQ-33",2011-12-23,0,777,777,777,0,0,0,777,777,777,33,0,1990,1983-02-13,1,0,0,0,0,0,0,,3,0,0,0,1
"53-YB-85",2011-11-04,1,777,777,1,0,0,0,0,777,777,39,0,3690,1978-07-22,1,0,0,0,0,0,0,,4,0,0,0,1
"39-AW-80",2011-07-18,1,777,777,777,0,0,0,777,777,0,39,1,3160,1976-09-27,0,0,1,0,0,0,0,,4,0,0,0,1
"40-DH-97",2011-02-22,1,777,777,0,0,0,0,0,777,777,41,1,3892,1980-04-19,1,0,0,0,0,0,0,,6,0,0,0,1
"96-FU-95",2012-08-30,1,777,777,777,0,0,0,777,777,777,39,0,3090,1970-03-26,0,0,0,0,1,0,0,,7,,0,0,1
"18-QH-19",2012-05-04,0,0,777,777,0,0,0,0,777,777,39,0,3070,1976-04-14,1,0,0,0,0,0,0,,8,0,0,0,1
"63-NG-83",2010-10-28,0,777,777,0,,,,,,,38,0,3215,1969-06-25,0,0,0,1,0,0,0,,5,0,0,0,1
"87-SL-22",2012-05-17,0,777,777,1,0,0,0,777,777,777,40,0,3660,1984-10-19,0,0,0,1,0,0,0,,8,0,0,0,1
"17-IB-72",2010-11-16,1,777,777,777,0,0,0,777,777,777,36,0,2600,1979-05-10,1,0,0,0,0,0,0,,6,0,0,0,1
"06-ZV-44",2010-06-03,0,777,777,777,0,0,0,777,777,0,38,0,2730,1972-10-13,0,0,0,0,0,0,1,"Arab",3,0,1,0,1
"76-YN-03",2011-03-22,0,777,777,777,0,0,0,777,777,777,40,1,4214,1979-07-17,,,,,,,,,7,0,0,0,1
"83-BA-36",2010-11-23,1,777,777,0,0,0,0,0,777,777,39,1,2810,1975-06-01,0,0,0,0,1,0,0,,6,0,0,0,1
"64-VX-56",2011-05-06,1,0,777,777,0,0,0,777,777,777,38,0,2355,1974-01-21,1,0,0,0,0,0,0,,8,0,0,0,1
"50-QG-74",2012-04-24,1,777,777,777,0,0,0,777,777,777,39,1,2690,1983-12-04,1,0,0,0,0,0,0,,6,0,,0,1
"42-MC-49",2011-09-26,0,777,777,777,0,0,0,777,777,777,38,1,3185,1986-06-13,1,0,0,0,0,0,0,,8,0,0,0,1
"50-UC-62",2012-02-14,2,777,777,777,0,0,0,777,777,777,41,1,3608,1991-09-19,1,0,0,0,0,0,0,,8,0,0,0,1
"87-KN-95",2010-12-14,1,777,777,777,0,0,0,,,,38,1,3235,1981-07-06,0,1,0,0,0,0,0,,7,0,0,0,1
"80-EM-29",2011-10-26,1,777,777,0,,,,,,,37,0,3770,1989-09-10,1,0,1,0,0,0,0,,5,0,0,0,1
"59-OD-58",2011-01-12,1,777,777,0,0,0,0,777,777,777,38,1,3250,1984-04-04,1,0,0,0,0,0,0,,8,0,0,0,1
"91-BD-92",2011-04-12,1,777,777,777,0,0,0,777,777,777,38,1,3630,1981-06-20,1,0,0,0,0,0,0,,8,0,0,0,1
"64-KI-97",2011-10-19,1,777,777,777,0,0,0,777,777,777,36,1,3060,1980-03-13,1,0,0,0,0,0,0,,7,0,0,0,1
"93-GH-11",2011-11-22,1,777,777,2,0,0,0,777,777,777,41,0,3890,1979-11-06,1,0,0,0,0,0,0,,8,0,0,0,1
"94-HO-56",2012-05-31,0,777,777,777,0,0,0,777,777,777,33,1,2330,1971-05-13,1,0,0,0,0,0,0,,7,0,0,0,1
"43-QF-44",2011-11-28,0,777,777,777,0,0,0,777,777,777,39,0,4985,1985-10-04,0,0,0,0,0,0,1,"Mixed",7,0,0,0,1
"50-VR-98",2011-11-09,0,777,777,0,0,0,0,0,777,777,38,1,2665,1985-10-18,1,1,0,0,0,0,0,,4,1,0,0,1
"27-MR-17",2011-10-03,2,777,0,777,0,0,0,777,777,0,38,1,3052,1985-03-30,0,0,0,0,0,0,1,"Jewish",7,0,0,0,1
"42-NH-62",2010-10-03,1,777,777,777,0,0,0,777,777,777,37,1,2380,1974-08-06,1,0,0,0,0,0,0,,8,0,0,0,1
"69-XS-69",2012-01-13,1,777,777,777,0,0,0,777,777,777,39,1,3486,1980-05-21,1,0,0,0,0,0,0,,8,0,0,0,1
"96-CG-49",2011-09-23,0,777,777,777,888,888,888,,,,41,1,4200,1982-01-21,0,0,1,0,0,0,0,,7,0,0,0,1
"07-WI-00",2011-08-16,1,777,777,0,0,0,0,777,777,0,41,0,3616,1977-01-10,1,0,0,0,0,0,0,,8,0,0,,1
"98-ER-24",2011-11-22,0,777,777,777,0,0,0,,,,39,0,4055,1982-05-19,0,0,0,0,1,0,0,,4,0,0,0,1
"86-JN-16",2011-06-23,0,777,777,777,0,0,0,777,777,777,39,0,2830,1972-09-23,0,1,0,0,0,0,0,,8,0,0,0,1
"94-BI-79",2012-03-01,1,777,777,777,0,0,0,777,777,777,37,0,2695,1983-11-09,1,0,0,0,0,0,0,,7,0,0,0,1
"21-TN-38",2011-11-29,1,777,777,777,,,,,,,40,1,3175,1980-08-07,1,0,0,0,0,0,0,,7,1,0,0,1
"08-OT-17",2012-01-09,0,777,777,777,0,0,0,777,777,777,37,1,2880,1978-06-30,,,,,,,,,8,0,0,0,1
"13-EF-52",2011-11-04,0,777,777,777,0,0,0,777,777,777,39,1,4255,1978-03-18,1,0,0,0,0,0,0,,8,0,0,0,1
"86-CB-73",2012-06-06,0,777,777,0,0,0,0,777,777,777,39,0,3526,1979-01-03,0,0,0,1,0,0,0,,7,0,1,0,1
"54-VX-32",2012-01-26,1,777,777,777,0,0,0,777,777,777,37,0,2635,1977-11-17,0,0,1,0,0,0,0,,4,0,0,0,1
"86-QE-78",2011-05-05,0,777,777,777,0,0,0,777,777,0,41,1,3560,1973-03-11,1,0,0,0,0,0,0,,3,1,0,0,1
"92-TH-33",2012-05-01,0,777,1,777,0,0,0,777,777,777,40,1,3535,1970-08-20,0,0,0,1,0,0,0,,8,,0,0,1
"20-BJ-09",2012-05-09,0,777,777,777,0,0,0,777,777,777,40,1,3499,1987-07-24,1,0,0,0,0,0,1,"Jewish",8,0,0,0,1
"06-FD-71",2012-03-19,1,777,777,777,0,0,0,777,777,777,39,1,2750,1975-10-10,0,0,0,0,1,0,0,,8,0,0,0,1
"13-ON-25",2011-07-14,1,777,777,777,0,0,0,777,777,777,40,0,3780,1978-12-24,1,0,0,0,0,0,0,,3,0,0,0,1
"48-MY-27",2012-02-10,2,777,777,2,0,0,0,,,,41,0,3390,1970-12-10,1,0,0,0,0,0,0,,8,0,0,0,1
"34-YU-28",2011-05-08,0,777,777,777,0,0,0,777,777,777,40,1,3765,1981-10-15,1,0,0,0,0,0,0,,8,0,0,0,1
"30-JG-43",2011-02-15,1,777,777,0,0,0,0,777,777,777,39,1,3460,1982-12-06,0,0,0,0,1,0,0,,7,1,0,0,1
"65-EC-44",2011-06-10,1,777,777,777,,,,,,,40,1,4214,1978-02-17,1,0,0,0,0,0,0,,7,0,0,0,1
"31-YY-73",2011-07-22,1,777,777,777,,,,,,,41,0,4490,1977-05-09,1,0,0,0,0,0,0,,4,0,0,0,1
"13-CK-54",2011-08-09,1,777,777,0,0,0,0,777,777,777,41,1,3743,1984-06-16,1,0,0,0,0,0,0,,4,0,0,0,1
"70-UT-76",2012-03-06,0,777,777,0,0,0,0,777,777,777,40,1,3600,1977-09-18,0,0,0,0,0,1,0,,4,0,0,0,1
"50-IX-60",2011-07-26,0,777,777,777,0,0,0,777,777,777,39,1,2840,1973-07-22,1,0,0,0,0,0,0,,7,0,1,0,1
"43-NA-34",2010-09-01,1,777,777,0,0,0,0,0,777,777,39,1,3508,1980-04-28,1,0,0,0,0,0,0,,2,0,0,0,1
"33-BL-31",2010-09-21,0,777,777,777,0,0,0,777,777,777,40,0,4225,1983-03-07,1,0,0,0,0,0,0,,3,0,0,0,1
"04-HQ-92",2010-07-28,1,777,777,777,0,0,0,777,777,0,41,0,4445,1979-03-16,,,,,,,,,7,0,0,0,1
"94-SA-75",2012-06-13,1,777,777,777,0,0,0,,,,41,0,3805,1981-03-26,,,,,,,,,8,0,0,0,1
"42-AL-46",2012-01-03,0,777,777,0,0,0,0,777,777,777,39,1,3955,1982-06-04,1,0,0,0,0,0,0,,3,0,0,0,1
"90-MP-95",2011-12-12,0,777,777,777,0,0,0,777,777,0,41,1,2595,1982-10-29,0,0,0,0,0,0,1,"Mixed",8,0,0,0,1
"79-GY-83",2012-04-04,0,777,777,777,0,0,0,777,777,777,39,0,3020,1980-11-30,1,1,0,0,0,0,0,,8,0,0,0,1
"20-PF-15",2012-04-26,0,777,777,777,0,0,0,777,777,777,40,1,3600,1973-11-28,0,0,0,0,0,0,1,"Jewish",7,0,0,0,1
"69-KK-98",2011-03-25,1,777,777,777,0,0,0,777,777,777,39,0,3090,1982-07-06,0,0,0,1,0,0,0,,3,0,0,0,1
"39-WA-56",2011-05-17,1,777,777,1,0,0,0,777,777,777,37,1,3145,1988-11-26,1,0,0,0,0,0,0,,6,0,0,1,1
"63-UD-36",2011-09-01,1,777,777,0,0,0,0,777,777,0,40,1,2745,1983-03-27,,,,,,,,,3,0,0,0,1
"24-UQ-33",2011-06-15,1,777,777,0,0,0,0,777,777,777,38,1,3452,1980-12-04,1,0,0,0,0,0,0,,8,0,0,0,1
"48-HZ-51",2010-10-20,0,777,777,777,0,0,0,777,777,777,41,0,3870,1977-07-30,0,0,0,1,0,0,0,,7,,0,0,1
"15-IJ-96",2012-03-15,0,777,777,777,0,0,0,777,777,777,40,0,4173,1983-06-26,,,,,,,,,8,0,0,0,1
"37-VB-05",2011-02-15,0,777,777,777,,,,,,,41,0,3875,1978-07-09,0,0,0,0,0,1,0,,4,0,0,0,1
"04-SI-11",2011-02-01,1,777,777,0,0,0,0,777,777,777,41,1,3880,1982-12-09,1,0,0,0,0,0,0,,3,0,0,0,1
"09-YY-93",2012-03-06,0,777,777,777,0,0,0,777,777,0,40,1,3605,1978-10-13,1,0,0,0,0,0,0,,8,0,0,0,1
"72-GQ-34",2012-06-15,2,777,777,777,0,0,0,777,777,0,37,0,3080,1989-01-31,1,0,0,0,0,0,0,,3,0,0,0,1
"35-LO-72",2011-07-19,0,0,777,777,0,0,0,777,777,777,38,0,3448,1983-08-25,0,0,0,0,0,1,0,,4,0,0,1,1
"46-NY-24",2011-02-23,1,777,777,5,0,0,0,777,777,777,39,1,3730,1980-10-05,1,0,0,0,0,0,0,,3,1,0,0,1
"92-PF-17",2010-10-28,8,777,777,0,,,,,,,38,1,3645,1969-02-23,0,0,0,0,0,1,0,,8,0,0,0,1
"57-LW-39",2011-03-28,0,777,777,777,0,0,0,777,777,777,39,1,4260,1986-07-30,1,0,0,0,0,0,0,,7,0,1,0,1
"85-KL-79",2012-01-20,1,777,777,777,0,0,0,777,777,0,40,1,3750,1989-06-15,0,0,0,1,0,0,0,,3,0,0,0,1
"44-HN-00",2010-06-08,1,777,777,777,0,0,0,777,777,777,39,1,3280,1975-09-13,1,0,0,0,0,0,0,,7,0,0,0,1
"90-PI-99",2011-03-08,1,777,777,0,0,0,0,777,777,777,40,0,4180,1968-11-30,0,0,0,0,0,1,0,,6,0,0,0,1
"39-YT-02",2011-08-08,0,777,777,777,0,0,0,777,777,777,38,0,3065,1984-04-10,1,0,0,0,0,0,0,,8,0,0,0,1
"99-KR-91",2012-05-22,1,777,777,0,0,0,0,0,777,777,41,0,2780,1978-06-16,1,0,0,0,0,0,0,,3,0,0,0,1
"59-NW-94",2011-05-10,1,777,777,0,0,0,0,777,777,777,40,0,3365,1982-04-21,1,0,0,0,0,0,0,,7,0,0,0,1
"55-KB-74",2011-12-22,0,777,777,777,0,0,0,777,777,777,39,0,3570,1981-12-16,1,0,0,0,0,0,0,,5,0,0,,1
"57-SX-79",2012-03-21,1,888,888,888,0,0,0,777,777,777,39,1,2840,1984-05-04,1,0,0,0,0,0,0,,8,0,0,0,1
"35-CW-65",2011-09-23,0,777,777,777,0,0,0,,,,40,1,4440,1974-01-25,0,1,0,0,0,0,0,,5,0,0,0,1
"45-QH-40",2010-11-30,1,777,777,0,0,0,0,777,777,0,38,1,3915,1973-07-14,1,0,0,0,0,0,0,,5,0,0,0,1
"23-ZY-06",2011-12-19,0,777,777,777,0,0,0,777,777,777,39,0,3225,1981-03-28,1,0,0,0,0,0,0,,4,0,0,0,1
"53-SY-82",2012-02-27,0,777,777,777,0,0,0,777,777,777,41,1,3765,1985-08-02,1,0,0,0,0,0,0,,6,0,0,0,1
"31-CT-58",2010-08-25,1,777,777,777,0,0,0,777,777,777,37,1,2787,1987-07-21,0,0,1,0,0,0,0,,8,0,0,0,1
"29-TI-21",2011-12-29,0,888,888,888,0,0,0,777,777,0,41,1,3025,1979-05-26,0,0,0,0,1,0,0,,8,0,0,0,1
"75-HL-97",2011-11-24,0,0,777,777,,,,,,,,1,3550,1977-05-04,0,0,1,0,0,0,0,,8,0,0,0,1
"74-MQ-35",2010-12-10,1,777,777,1,0,0,0,777,777,777,39,1,3405,1981-10-02,0,0,0,0,0,1,0,,3,1,0,1,1
"94-OG-28",2011-04-15,0,777,777,777,0,0,0,777,777,777,40,1,3425,1978-07-19,1,0,0,0,0,0,0,,4,0,0,0,1
"10-TK-55",2011-06-10,1,777,777,0,0,0,0,777,777,0,41,0,4370,1982-03-24,1,0,0,0,0,0,0,,6,0,0,0,1
"16-HS-28",2010-10-15,0,777,777,777,0,0,0,777,777,777,38,0,3395,1973-03-14,0,1,0,0,0,0,0,,8,0,0,0,1
"58-QO-58",2010-11-04,1,777,777,0,0,0,0,777,777,777,41,0,3135,1975-06-18,1,0,0,0,0,0,0,,8,0,0,0,1
"48-JS-84",2012-01-30,0,0,777,777,0,0,0,777,777,777,41,1,3940,1981-08-04,1,0,0,0,0,0,0,,4,0,0,0,1
"87-SM-80",2012-02-16,3,777,777,777,0,0,0,777,777,0,39,0,3158,1987-06-29,0,0,0,0,1,0,0,,7,0,1,0,1
"00-NB-48",2010-11-16,0,777,777,777,0,0,0,777,777,777,38,0,2870,1981-02-20,0,0,0,0,1,0,0,,7,0,0,0,1
"60-AY-95",2010-12-13,1,777,777,777,0,0,0,777,777,777,38,1,3585,1988-03-13,1,0,0,0,0,0,0,,6,0,0,0,1
"51-QL-49",2011-01-31,0,888,888,888,0,0,0,777,777,777,41,0,3065,1973-01-20,1,0,0,0,0,0,0,,8,,0,0,1
"48-FA-81",2012-02-06,0,777,777,777,0,0,0,777,777,777,40,1,3185,1980-10-20,1,0,0,0,0,0,0,,5,1,0,0,1
"20-XZ-81",2011-10-11,0,777,777,777,0,0,0,777,777,777,39,1,3320,1979-08-14,1,0,0,0,0,0,0,,3,1,0,0,1
"99-KQ-11",2012-05-23,0,777,777,777,0,0,0,777,777,777,40,1,3406,1981-03-06,0,0,0,0,1,0,0,,6,0,0,0,1
"46-EM-30",2010-09-03,0,777,777,777,0,0,0,777,777,777,39,1,3406,1985-07-11,1,0,0,0,0,0,0,,8,0,0,0,1
"75-JS-03",2011-02-15,0,777,777,777,0,0,0,777,777,777,39,1,3311,1972-03-23,0,0,1,0,0,0,0,,8,0,0,0,1
"61-FD-53",2010-10-14,0,777,777,1,0,0,0,0,777,777,41,1,4370,1981-03-14,1,0,0,0,0,0,0,,8,0,0,0,1
"79-AR-91",2012-04-18,0,777,777,777,0,0,0,777,777,777,40,1,2986,1979-09-20,0,0,0,0,0,1,0,,5,0,0,0,1
"78-EL-93",2010-11-22,2,777,777,0,0,0,0,777,777,777,40,0,3520,1978-10-24,1,0,0,0,0,0,0,,8,0,0,0,1
"60-QI-05",2010-11-18,0,777,777,777,0,0,0,777,777,777,39,0,3190,1981-07-30,1,0,0,0,0,0,0,,7,1,0,0,1
"25-CR-12",2012-04-19,2,777,777,777,0,0,0,777,777,777,39,1,3150,1990-06-01,0,0,1,0,0,0,0,,7,0,0,0,1
"39-BW-75",2010-08-12,1,777,777,777,0,0,0,777,777,777,39,0,3510,1971-05-24,1,0,0,0,0,0,0,,8,0,0,0,1
"42-KE-54",2011-11-28,0,888,888,888,0,0,0,,,,31,1,1560,1979-07-14,1,0,0,0,0,0,0,,7,0,,0,1
"24-BI-40",2012-02-07,1,777,777,777,0,0,0,777,777,777,39,0,3232,1981-03-11,1,0,0,0,0,0,0,,8,0,0,0,1
"98-TI-46",2012-03-20,1,777,0,777,0,0,0,,,,30,1,1280,1970-08-22,1,0,0,0,0,0,0,,7,0,0,0,1
"67-KL-43",2010-11-04,1,0,777,777,0,0,0,777,777,0,37,1,3080,1974-01-17,0,0,1,0,0,0,0,,8,0,0,0,1
"07-CT-09",2011-07-13,0,777,777,777,0,0,0,777,777,0,36,0,2650,1980-04-11,1,0,0,0,0,0,0,,5,0,0,0,1
"51-JF-93",2011-03-02,1,777,777,777,0,0,0,777,777,777,40,1,3620,1985-07-06,1,0,0,0,0,0,0,,8,0,0,0,1
"64-TU-26",2011-01-10,1,777,777,0,0,0,0,777,777,0,38,0,3090,1982-03-13,0,0,1,0,0,0,0,,5,0,0,0,1
"46-FM-97",2011-12-02,0,777,777,777,0,0,0,777,777,777,39,0,4060,1977-07-04,0,0,1,0,0,0,0,,7,1,0,0,1
"13-SB-00",2011-07-07,1,777,777,777,0,0,0,777,777,777,38,1,3630,1982-04-05,1,0,0,0,0,0,0,,7,0,0,0,1
"92-PZ-89",2011-07-18,1,777,777,0,0,0,0,777,777,777,41,0,3588,1980-12-13,1,0,0,0,0,0,0,,3,0,0,0,1
"56-KS-65",2011-10-18,0,777,777,777,0,0,0,777,777,777,39,1,3230,1973-12-04,0,0,0,0,1,0,0,,4,1,0,0,1
"32-BP-68",2012-03-22,1,777,777,777,0,0,0,,,,41,0,3850,1981-04-28,0,0,0,0,0,0,1,"Mixed",5,0,0,0,1
"74-ZU-63",2012-04-17,1,777,0,777,0,0,0,777,777,777,39,1,3150,1984-06-20,1,1,0,0,0,0,0,,8,0,0,0,1
"15-FK-02",2012-02-04,0,888,888,888,0,0,0,777,777,777,38,1,3575,1979-09-09,0,0,0,0,1,0,0,,7,0,0,0,1
"67-XQ-55",2012-01-23,1,777,777,0,0,0,0,777,777,777,39,0,3860,1981-04-11,0,0,0,0,0,1,0,,3,1,0,1,1
"83-QP-84",2012-02-20,2,777,777,777,0,0,0,777,777,777,36,0,2130,1983-10-06,0,0,0,0,1,1,0,,5,1,0,0,1
"84-OK-06",2012-04-05,0,777,777,777,0,0,0,777,777,0,40,1,3290,1984-05-19,1,0,0,0,0,0,0,,8,0,0,0,1
"64-JR-56",2010-08-16,1,777,777,777,0,0,0,777,777,777,39,1,3580,1973-05-26,0,0,0,0,0,0,1,"Mixed",8,0,0,0,1
"65-QQ-60",2012-03-05,1,0,777,777,0,0,0,777,777,777,40,0,3558,1981-08-14,0,0,1,0,0,0,0,,8,0,0,0,1
"66-MD-94",2010-10-15,1,777,777,777,0,0,0,777,777,777,40,1,3015,1978-03-23,0,0,0,0,1,0,0,,7,0,0,0,1
"98-AP-36",2012-01-09,4,777,777,1,0,0,0,0,777,777,40,1,3210,1983-08-24,1,0,0,0,0,0,0,,5,0,0,0,1
"54-LT-09",2011-05-10,1,777,777,777,0,0,0,777,777,777,37,0,3035,1978-03-08,1,0,0,0,0,0,0,,8,0,0,0,1
"68-CK-74",2011-08-09,0,777,777,777,0,0,0,777,777,0,41,1,4055,1983-09-30,0,0,0,1,0,0,0,,8,0,0,0,1
"99-IO-49",2010-09-15,0,777,777,777,0,0,0,777,777,777,40,1,4630,1975-06-01,1,0,0,1,0,0,0,,4,1,0,0,1
"55-XI-85",2011-02-15,0,777,777,0,0,0,0,777,777,777,40,0,3590,1982-06-23,1,0,0,0,0,0,0,,5,1,0,0,1
"66-PC-29",2011-01-25,0,777,777,777,0,0,0,777,777,777,41,0,3575,1968-09-16,0,0,0,1,0,0,0,,7,0,0,0,1
"07-SF-23",2011-11-22,1,888,888,888,0,0,0,777,777,777,41,1,3310,1979-12-21,0,1,0,0,0,0,0,,8,0,0,0,1
"52-QD-15",2011-01-26,0,777,777,777,0,0,0,777,777,777,40,0,3936,1980-10-20,0,1,0,0,0,0,0,,7,1,1,0,1
"62-VT-40",2012-06-01,2,0,0,0,0,0,0,0,777,777,38,0,2558,1988-08-11,0,0,0,0,0,0,1,"Arab",8,0,0,0,1
"42-SR-96",2011-08-05,1,777,777,0,0,0,0,777,777,777,38,1,2850,1983-03-21,1,0,0,0,0,0,0,,4,0,0,0,1
"95-ZM-79",2011-01-27,1,777,777,777,,,,,,,39,1,3240,1986-12-02,1,0,0,0,0,0,0,,5,0,0,0,1
"19-SN-07",2011-11-16,1,777,777,777,0,0,0,777,777,777,39,0,3785,1985-06-08,1,0,0,0,0,0,0,,7,0,0,0,1
"52-EU-35",2011-11-24,0,777,777,777,0,0,0,777,777,777,36,0,3075,1982-09-13,0,0,0,0,1,0,1,"Mixed",2,0,0,0,1
"96-FS-36",2011-06-16,0,777,777,777,0,0,0,777,777,777,39,1,3248,1982-03-19,1,0,0,0,0,0,0,,3,0,0,0,1
"41-ZT-78",2011-11-29,1,777,777,777,0,0,0,777,777,777,38,1,3260,1983-04-16,1,0,0,0,0,0,0,,8,0,0,0,1
"60-BC-11",2012-03-30,1,777,777,0,0,0,0,777,777,777,39,1,3320,1978-06-07,1,0,0,0,0,0,0,,8,0,0,0,1
"10-QH-00",2011-10-21,1,777,777,0,0,0,0,777,777,777,36,1,3510,1976-02-13,1,0,0,0,0,0,0,,6,0,0,0,1
"21-IS-36",2010-08-04,1,777,777,0,0,0,0,777,777,777,40,0,3365,1983-04-04,0,0,0,0,0,0,1,"Persian",4,0,0,0,1
"20-OI-56",2010-12-28,1,777,777,0,0,0,0,777,777,0,41,1,3450,1974-11-23,1,0,0,0,0,0,0,,7,1,0,0,1
"97-GZ-48",2012-02-24,1,777,777,777,0,0,0,777,777,777,39,0,3795,1984-11-08,1,0,0,0,0,0,0,,8,0,0,0,1
"04-QP-66",2011-10-27,1,777,777,0,0,0,0,777,777,777,41,1,3966,1983-09-23,1,0,0,0,0,0,0,,8,0,0,0,1
"66-GD-08",2012-06-07,0,777,777,777,0,0,0,777,777,777,40,0,3311,1980-01-01,0,1,0,0,0,0,0,,3,0,0,0,1
"36-LA-97",2011-08-05,0,777,777,777,0,0,0,777,777,777,39,1,3150,1979-04-08,1,0,0,0,0,0,0,,4,0,0,0,1
"47-JD-03",2011-07-08,1,777,777,0,0,0,0,777,777,777,37,0,3250,1984-09-10,1,0,0,0,0,0,0,,8,0,0,0,1
"68-TZ-58",2012-02-17,0,777,777,777,,,,,,,40,1,3900,1983-09-21,1,0,0,0,0,0,0,,8,0,0,0,1
"26-GV-84",2011-01-26,1,0,777,777,,,,,,,39,1,3210,1977-06-23,0,0,0,0,0,1,1,"Mixed",5,0,1,0,1
"42-RQ-77",2011-03-22,1,777,777,0,0,0,0,777,777,777,38,1,3235,1982-07-06,0,0,0,1,0,0,0,,8,0,0,0,1
"11-WF-26",2011-04-01,0,999,999,999,0,0,0,0,777,777,,1,3018,1973-04-03,0,1,0,0,0,0,0,,3,0,0,0,1
"42-OJ-14",2011-03-04,1,0,777,777,0,0,0,777,777,777,38,0,2695,1982-09-29,0,0,1,0,0,0,1,"Mixed",4,0,0,0,1
"13-LY-88",2011-10-24,0,777,777,0,0,0,0,777,777,777,,1,2570,1980-08-29,1,0,0,0,0,0,0,,7,0,0,0,1
"09-FJ-80",2011-04-07,1,777,777,0,0,0,0,777,777,777,40,1,3185,1975-02-28,1,0,0,0,0,0,0,,2,0,1,0,1
"27-DC-63",2011-09-22,1,777,777,777,,,,,,,20,0,625,1969-05-17,0,0,0,0,0,0,1,"Arab",8,0,0,0,1
"99-RF-83",2012-04-02,1,777,777,0,0,0,0,777,777,777,38,0,3610,1976-08-21,1,0,0,0,0,0,0,,7,0,0,0,1
"23-QQ-81",2012-06-22,1,0,777,777,0,0,0,0,777,777,39,1,3195,1975-11-03,0,0,0,0,0,1,0,,8,0,0,0,1
"58-BD-34",2010-08-25,1,777,777,0,0,0,0,777,0,777,37,0,3380,1978-09-26,1,0,0,0,0,0,0,,8,0,0,0,1
"44-KT-47",2012-02-22,0,777,777,777,0,0,0,777,777,777,41,1,3235,1986-08-05,1,0,0,0,0,0,0,,,0,0,0,1
"97-QF-09",2012-06-13,0,777,777,777,0,0,0,777,777,777,40,0,3790,1970-11-03,0,0,1,0,0,0,0,,7,0,0,0,1
"13-YW-38",2011-03-31,0,777,777,777,0,0,0,777,777,777,41,0,3380,1975-08-19,0,1,1,0,0,0,0,,8,0,0,0,1
"20-KE-08",2011-06-15,1,777,777,777,0,0,0,777,777,0,41,0,3350,1977-02-11,1,0,0,0,0,0,0,,7,0,0,0,1
"77-MX-40",2012-05-17,0,777,777,777,0,0,0,777,777,777,38,0,3440,1982-12-31,1,0,0,0,0,0,0,,4,1,0,0,1
"53-GK-96",2011-03-02,0,777,777,777,0,0,0,777,777,777,38,1,3428,1971-05-03,1,0,0,0,0,0,0,,8,0,0,0,1
"71-VX-43",2012-02-07,2,777,777,777,0,0,0,777,777,777,38,1,2490,1982-01-13,0,0,0,0,0,1,0,,3,0,0,0,1
"21-GT-33",2011-09-27,1,777,777,777,0,0,0,777,777,777,37,0,3019,1981-06-04,0,0,0,0,0,0,1,"Jewish",5,1,0,0,1
"76-NT-14",2010-07-20,2,777,777,777,0,0,0,777,777,777,37,1,2575,1989-08-18,0,1,0,0,0,0,0,,6,0,0,0,1
"98-ET-73",2011-04-12,3,777,777,777,0,0,0,777,777,0,40,1,3220,1981-05-26,1,0,0,0,0,0,0,,7,0,0,0,1
"58-MP-87",2012-04-10,1,777,777,777,0,0,0,777,777,777,40,1,3855,1987-07-24,,,,,,,,,,0,0,0,1
"82-KG-08",2012-01-23,1,777,777,777,0,0,0,0,777,777,40,1,2750,1978-01-17,1,0,0,0,0,0,0,,6,0,0,0,1
"54-LO-96",2010-11-15,0,777,777,777,0,0,0,777,777,777,37,1,2380,1977-04-02,1,0,0,0,0,0,0,,7,0,0,0,1
"57-MT-24",2010-12-17,1,777,777,777,0,0,0,777,777,777,39,1,2690,1976-05-01,1,0,0,0,0,0,0,,7,0,0,0,1
"01-XU-83",2011-11-08,0,777,777,777,0,0,0,777,777,777,39,1,3520,1975-01-25,1,0,0,0,0,0,0,,2,0,0,0,1
"90-AN-97",2011-11-17,0,777,777,0,0,0,0,777,777,777,39,0,3330,1978-02-08,0,0,0,1,0,0,0,,7,0,0,0,1
"21-FQ-78",2012-02-03,0,777,777,777,0,0,0,0,777,777,38,0,2530,1979-05-29,1,1,0,0,0,0,0,,7,0,0,0,1
"72-YH-33",2011-10-12,0,777,777,777,0,0,0,777,777,777,39,0,3452,1971-04-24,0,0,1,0,0,0,0,,4,0,0,0,1
"15-WN-54",2012-04-19,1,777,0,777,0,0,0,0,777,777,37,0,3019,1983-03-08,0,0,0,0,0,1,0,,4,0,0,0,1
"35-IU-61",2012-01-04,1,777,777,0,0,0,0,777,777,0,38,1,3210,1981-12-16,1,0,0,0,0,0,0,,7,0,0,0,1
"68-VX-03",2010-07-20,1,888,888,888,0,0,0,0,777,777,40,1,3527,1979-11-29,1,0,0,0,0,0,0,,7,0,0,0,1
"17-IX-90",2010-10-26,1,777,777,777,0,0,0,777,777,777,40,1,3015,1980-01-28,1,0,0,0,0,0,0,,8,0,0,0,1
"83-MH-27",2012-05-24,1,777,777,777,0,0,0,777,777,777,39,1,3114,1981-08-05,0,0,0,0,1,0,0,,7,0,0,0,1
"13-VI-93",2011-08-11,0,777,777,777,0,0,0,777,777,0,40,1,3682,1977-12-11,0,0,0,0,0,0,1,"Jewish",7,0,0,1,1
"49-IS-62",2011-02-09,0,777,777,777,0,0,0,777,777,777,39,1,2872,1976-01-20,1,0,0,0,0,0,0,,6,0,0,0,1
"30-MK-43",2010-11-19,1,777,0,777,0,0,0,777,777,777,38,1,3265,1979-05-15,0,0,1,0,0,0,0,,6,0,0,0,1
"02-SG-34",2010-10-13,1,777,777,777,888,888,888,777,777,0,38,1,3325,1983-04-23,1,0,0,0,0,0,0,,6,0,0,0,1
"84-DT-00",2012-01-05,1,777,777,0,0,0,0,777,777,777,41,1,3875,1983-07-01,1,0,0,0,0,0,0,,7,1,0,0,1
"03-AY-21",2011-11-03,1,0,777,777,0,0,0,777,777,777,38,1,2925,1975-01-24,1,0,0,0,0,0,0,,6,0,0,0,1
"01-HT-58",2011-03-01,1,777,777,777,0,0,0,777,777,777,38,0,3310,1984-01-08,1,0,0,0,0,0,0,,4,0,0,0,1
"73-PX-04",2011-11-25,1,777,777,777,0,0,0,777,0,777,39,1,2975,1986-03-05,1,0,0,0,0,0,0,,7,,0,0,1
"55-RS-02",2010-11-03,0,777,777,0,0,0,0,777,777,777,39,1,3855,1976-02-17,1,0,0,0,0,0,0,,7,1,0,0,1
"47-BY-78",2011-01-20,4,777,1,777,,,,,,,40,1,3415,1973-10-21,0,0,0,0,0,0,1,"Jewish",8,0,0,0,1
"10-FZ-64",2011-08-02,0,777,777,777,0,0,0,777,777,777,39,0,3596,1978-11-11,1,0,0,0,0,0,0,,8,0,0,0,1
"92-SS-90",2011-06-07,1,777,777,777,0,0,0,777,777,777,41,0,4225,1984-01-06,1,1,0,0,0,0,0,,8,0,0,0,1
"75-MX-48",2011-12-13,0,777,777,777,0,0,0,,,,38,0,3810,1984-10-24,1,0,0,0,0,0,0,,7,0,0,0,1
"24-MC-22",2011-02-28,0,777,777,777,0,0,0,777,777,777,40,1,3060,1974-07-19,0,0,1,0,0,0,0,,8,0,0,0,1
"85-NC-58",2012-04-16,0,777,777,777,0,0,0,777,777,777,39,1,2719,1982-11-21,1,0,0,0,0,0,0,,2,0,1,0,1
"65-EC-48",2012-05-03,0,2,777,777,0,0,0,777,777,777,39,0,3735,1981-01-20,,,,,,,,,8,0,0,0,1
"77-MU-40",2012-01-11,1,777,777,777,,,,777,777,0,41,1,3470,1989-11-12,1,0,0,0,0,0,0,,8,0,0,0,1
"25-MN-34",2010-12-07,0,777,777,777,0,0,0,777,777,777,40,1,3375,1982-10-20,1,0,0,0,0,0,0,,5,0,1,0,1
"82-TP-08",2011-01-12,0,777,777,777,0,0,0,777,777,777,38,1,2816,1980-01-06,1,0,0,0,0,0,0,,7,0,0,0,1
"08-NI-02",2010-11-24,0,777,777,777,0,0,0,777,777,777,41,0,3705,1982-09-01,0,0,0,0,0,1,0,,6,0,0,0,1
"51-AF-50",2011-11-01,1,777,777,0,0,0,0,777,777,777,41,1,3400,1977-11-21,0,0,0,0,1,0,0,,6,0,0,0,1
"63-TU-83",2010-09-22,1,777,777,3,0,0,0,777,777,777,38,1,3185,1981-05-02,1,0,0,0,0,0,0,,6,0,0,0,1
"08-SF-52",2010-11-16,1,777,777,777,0,0,0,777,777,777,40,0,3590,1979-07-11,0,0,0,1,0,0,0,,2,0,0,0,1
"72-YY-34",2011-03-16,0,777,777,777,0,0,0,777,777,777,39,1,3880,1975-11-09,0,0,0,0,1,0,0,,8,0,0,0,1
"79-ER-82",2011-05-09,1,777,777,777,0,0,0,777,777,777,40,0,3660,1980-06-10,0,0,0,1,0,0,0,,8,0,0,0,1
"31-XR-83",2011-08-24,1,777,777,3,0,0,0,0,777,777,40,1,3008,1981-03-25,1,0,1,0,0,0,0,,7,0,0,1,1
"71-MB-87",2011-03-01,0,777,777,777,0,0,0,,,,40,0,2960,1976-09-01,1,1,0,0,0,0,0,,3,0,,0,1
"81-ZF-42",2011-11-03,1,777,777,777,0,0,0,777,777,777,40,0,4018,1977-08-16,1,0,0,0,0,0,0,,3,0,,0,1
"88-FB-83",2012-01-06,1,777,777,0,0,0,0,777,777,777,38,1,3520,1982-12-03,0,0,1,0,0,0,0,,7,0,0,0,1
"52-CV-11",2010-10-26,1,777,777,0,0,0,0,777,777,777,41,1,4232,1983-11-07,1,0,0,0,0,0,0,,8,0,0,0,1
"87-YK-97",2012-04-10,0,777,777,777,0,0,0,777,777,777,39,1,,1987-07-24,1,0,0,0,0,0,0,,7,0,0,0,1
"40-SL-62",2010-09-27,0,777,777,777,0,0,0,,,,39,0,3720,1984-03-02,1,0,0,0,0,0,0,,7,0,0,0,1
"19-YA-72",2011-05-13,0,777,777,777,0,0,0,777,777,777,40,0,3290,1973-06-10,0,0,0,1,0,0,0,,5,0,0,0,1
"47-WT-34",2011-06-15,1,777,777,0,0,0,0,777,777,0,37,0,3380,1980-08-05,0,0,0,0,0,0,1,"Turkish",1,0,0,0,1
"52-QZ-50",2012-03-09,0,777,777,777,0,0,0,777,777,777,40,0,3600,1972-04-13,1,0,0,0,0,0,0,,3,0,0,0,1
"00-GS-31",2011-04-19,1,0,777,777,0,0,0,777,777,777,41,1,3140,1977-08-17,1,0,0,0,0,0,0,,7,0,0,0,1
"45-WK-31",2012-04-25,0,777,777,777,0,0,0,777,777,777,38,0,2982,1975-05-01,,,,,,,,,7,0,0,0,1
"57-WF-81",2012-05-04,0,0,777,777,0,0,0,777,777,777,40,0,3960,1968-05-22,1,0,0,0,0,0,0,,7,0,,0,1
"72-EO-08",2012-04-18,2,777,777,777,0,0,0,777,777,777,38,0,4430,1988-12-02,0,0,1,0,0,0,0,,6,0,0,0,1
"98-OC-05",2011-11-28,2,0,777,777,0,0,0,777,777,777,39,0,3520,1984-09-14,0,0,0,0,1,0,0,,8,0,0,0,1
"39-HX-69",2011-01-24,0,777,777,888,0,0,0,777,777,777,39,1,3930,1981-02-13,1,0,0,0,0,0,0,,4,0,0,0,1
"17-RT-98",2011-03-18,0,777,777,777,0,0,0,777,777,0,38,0,3688,1972-12-12,1,0,0,0,0,0,0,,8,0,0,0,1
"27-LZ-89",2011-05-27,0,777,777,777,0,0,0,777,777,777,37,0,2955,1974-08-04,0,0,1,0,0,0,1,"Mixed",4,0,0,0,1
"94-PE-81",2010-12-08,1,777,777,1,0,0,0,777,777,777,39,0,3425,1981-09-19,0,0,0,0,1,0,0,,4,0,0,0,1
"00-PX-24",2010-11-15,1,777,777,0,0,0,0,777,777,777,39,0,3228,1985-10-26,1,0,0,0,0,0,0,,8,0,0,0,1
"54-EU-04",2012-01-23,1,777,777,1,0,0,0,777,777,777,38,0,3449,1971-12-04,0,1,0,0,0,0,0,,3,1,0,0,1
"43-ZX-51",2012-01-20,0,0,777,777,0,0,0,0,777,777,41,1,3495,1971-09-07,0,0,0,0,0,1,0,,8,0,0,0,1
"67-TI-04",2012-01-17,0,777,777,777,0,0,0,777,777,777,39,0,3541,1985-08-30,0,0,1,0,0,0,0,,8,0,0,,1
"71-EO-51",2011-11-24,1,777,1,777,0,0,0,777,777,777,39,1,2690,1977-12-02,0,0,0,0,0,1,0,,6,0,0,0,
"39-AZ-99",2011-07-14,0,777,777,777,0,0,0,777,777,777,39,1,3325,1972-08-02,1,0,0,0,0,0,0,,4,0,0,0,1
"35-KY-42",2011-03-10,0,777,777,777,0,0,0,,,,41,1,3870,1979-05-02,0,0,0,1,0,0,0,,7,0,0,0,1
"60-PX-83",2011-04-01,1,777,777,0,0,0,0,777,777,0,41,0,3640,1975-02-22,1,0,0,0,0,0,0,,2,0,0,0,1
"27-GM-59",2012-04-02,2,777,777,5,0,0,0,,,,35,1,2865,1976-11-28,1,0,0,0,0,0,0,,5,0,1,0,1
"91-JF-81",2012-01-23,1,777,777,0,0,0,0,777,777,777,40,0,3914,1985-08-18,1,0,0,0,0,0,0,,8,0,0,0,1
"45-ZE-14",2010-12-08,0,777,1,0,,,,,,,39,1,3210,1982-05-15,1,0,0,0,0,1,0,,8,0,0,0,1
"64-JV-17",2011-11-29,2,777,777,777,0,0,0,777,777,777,38,1,3290,1981-01-16,1,0,0,0,0,0,0,,6,0,0,1,1
"52-ZK-30",2010-12-09,1,777,777,777,0,0,0,777,777,777,37,1,3065,1970-04-24,1,0,0,0,0,0,0,,2,0,0,0,1
"08-XS-78",2011-04-06,1,777,777,0,0,0,0,777,777,0,40,0,3630,1975-12-23,1,0,0,0,0,0,0,,5,0,1,0,1
"73-OZ-34",2011-11-07,1,777,777,777,0,0,0,777,777,777,38,1,3172,1980-11-24,1,0,0,0,0,0,0,,6,0,0,0,1
"59-DK-94",2011-08-05,0,777,777,777,0,0,0,777,777,777,41,0,4370,1977-03-30,1,0,0,0,0,0,0,,8,0,0,0,1
"26-VA-66",2012-01-16,1,777,777,777,0,0,0,777,777,777,39,1,3815,1977-02-19,0,1,0,1,0,0,0,,4,0,0,0,1
"59-QG-06",2012-03-30,0,777,777,777,0,0,0,777,777,0,37,1,2976,1984-10-16,0,0,0,0,1,0,0,,8,0,0,0,1
"17-FU-45",2012-04-03,1,777,777,0,0,0,0,777,777,0,40,1,3600,1977-01-25,1,0,0,0,0,0,0,,7,0,0,0,1
"91-KW-10",2012-03-16,1,777,777,0,0,0,0,777,777,777,37,0,3593,1983-08-13,0,0,0,0,0,1,0,,8,0,0,0,1
"24-IP-53",2010-06-25,0,777,777,777,,,,,,,38,0,2950,1970-04-07,1,0,0,0,0,0,0,,6,0,0,0,1
"85-KC-67",2012-01-30,0,777,777,777,0,0,0,777,777,777,40,1,3140,1983-07-28,1,0,0,0,0,0,0,,7,0,0,0,1
"40-FF-65",2011-03-15,0,777,777,777,0,0,0,777,777,777,41,1,3340,1987-12-11,1,0,0,0,0,0,0,,3,0,0,,1
"42-KE-25",2010-08-18,1,777,777,777,0,0,0,777,777,777,38,1,4385,1974-12-29,1,0,0,0,0,0,0,,7,0,0,0,1
"28-KR-01",2012-02-17,3,777,777,777,0,0,0,,,,31,0,1400,1983-10-01,0,0,1,0,0,0,0,,4,0,0,0,1
"35-BK-43",2012-04-26,1,777,777,0,0,0,0,777,777,777,38,0,2874,1980-12-29,0,1,0,0,0,0,0,,8,0,0,0,1
"94-UO-72",2011-04-20,1,777,777,777,0,0,0,777,777,777,38,0,2700,1983-08-30,0,0,0,0,0,0,1,"Turkish",6,0,0,0,1
"18-RE-96",2011-12-12,0,777,777,777,0,0,0,777,777,777,40,1,4368,1984-09-15,0,0,0,0,0,0,1,"Persian",4,0,0,0,1
"08-CJ-76",2011-05-17,0,777,777,777,0,0,0,,,,41,1,3320,1982-10-29,0,0,0,0,1,0,0,,8,0,0,0,1
"08-BD-94",2011-08-10,1,0,777,777,0,0,0,777,777,777,41,0,3616,1978-03-07,0,0,0,1,0,0,0,,8,0,0,0,1
"79-VE-03",2011-04-05,1,777,777,777,0,0,0,777,777,777,38,0,2700,1981-06-22,1,0,0,0,0,0,0,,7,0,0,0,1
"58-QY-45",2011-08-03,0,777,777,0,0,0,0,777,0,777,38,1,3715,1981-06-24,0,0,1,0,0,0,0,,4,0,0,0,1
"59-HU-31",2010-09-15,0,777,777,777,0,0,0,777,777,777,40,0,3967,1978-04-26,0,0,0,0,0,1,0,,6,1,0,0,1
"76-NJ-25",2011-05-24,0,0,777,777,0,0,0,777,777,777,,0,3690,1985-08-13,1,0,0,0,0,0,0,,7,0,0,1,1
"14-JT-60",2011-01-13,1,0,0,1,0,0,0,0,777,777,39,1,3445,1972-02-11,1,0,0,0,0,0,0,,3,0,0,0,1
"62-TO-55",2010-10-14,1,777,777,777,0,0,0,777,777,888,40,0,3590,1978-06-15,1,0,0,0,0,0,0,,5,0,0,0,1
"26-MK-40",2010-09-30,1,0,777,777,,,,,,,38,1,3260,1988-04-17,1,0,0,0,0,0,0,,5,0,0,0,1
"21-IY-69",2010-11-02,1,777,777,777,0,0,0,777,777,777,40,0,3910,1985-01-27,0,0,0,0,0,1,0,,8,0,0,0,1
"66-IY-42",2012-03-05,2,777,777,777,0,0,0,777,777,777,35,1,1573,1981-09-13,0,0,0,0,1,0,0,,7,0,0,0,1
"07-TX-64",2011-01-18,1,777,777,0,0,0,0,777,777,777,39,1,3405,1982-11-05,1,0,0,0,0,0,0,,5,0,0,0,1
"72-GJ-49",2012-01-11,0,777,777,777,0,0,0,777,777,777,39,0,4060,1984-08-02,1,0,0,0,0,0,0,,8,0,0,0,1
"20-BN-89",2011-05-16,0,777,777,777,0,0,0,777,777,777,41,1,4139,1983-09-19,1,0,0,0,0,0,0,,8,0,0,,1
"52-EW-62",2011-08-10,1,777,777,0,0,0,0,777,777,0,39,1,3815,1978-03-14,0,0,0,0,1,0,0,,8,0,0,0,1
"70-RS-35",2012-06-19,0,777,777,0,0,0,0,0,777,777,40,1,4053,1980-06-24,0,0,0,1,0,0,0,,3,0,0,0,1
"72-JS-91",2012-02-23,0,777,777,777,0,0,0,777,777,777,38,0,2930,1967-10-04,0,0,0,0,1,0,0,,7,0,0,0,1
"28-MB-98",2011-09-28,0,777,777,777,0,0,0,777,777,777,41,1,3850,1984-02-02,1,0,0,0,0,0,0,,6,0,0,0,1
"96-UP-26",2011-08-02,0,0,777,777,0,0,0,777,777,777,38,0,3384,1978-06-29,0,0,0,0,0,0,1,"Jewish",8,0,0,0,1
"38-QT-87",2012-03-19,1,777,777,0,0,0,0,777,777,777,41,0,3654,1976-07-22,0,0,0,0,0,1,0,,8,0,0,0,1
"68-UM-34",2011-05-10,1,777,777,0,0,0,0,,,,31,0,1770,1978-01-26,0,0,1,0,0,0,0,,4,0,1,0,1
"89-WR-71",2010-11-17,1,777,777,777,0,0,0,777,777,777,40,0,2945,1979-08-25,1,0,0,0,0,0,0,,5,0,0,0,1
"16-WM-68",2012-06-01,0,777,777,777,0,0,0,777,777,777,40,1,3660,1988-09-04,1,0,0,0,0,0,0,,7,0,0,0,1
"21-YE-17",2010-09-01,1,0,777,777,0,0,0,0,777,777,35,1,3055,1980-04-16,0,0,0,1,0,0,0,,8,0,0,0,1
"80-NB-73",2010-12-10,0,777,777,777,0,0,0,777,777,777,38,0,2689,1981-06-30,1,0,0,0,0,0,0,,7,0,0,0,1
"11-TW-70",2011-10-06,1,777,777,0,0,0,0,777,777,0,38,1,3715,1982-09-30,1,0,0,0,0,0,0,,8,0,0,0,1
"58-HU-51",2010-06-21,0,777,777,777,0,0,0,777,777,777,38,1,3400,1978-01-11,1,0,0,0,1,0,0,,7,0,0,0,1
"91-DN-51",2011-07-22,0,777,777,777,0,0,0,777,777,777,40,0,3400,1985-12-14,0,0,1,0,0,0,0,,8,0,0,0,1
"58-DI-51",2012-07-20,0,777,777,1,0,0,0,0,777,777,40,0,3805,1984-10-04,1,0,0,0,0,0,0,,3,0,1,0,1
"72-WS-22",2010-07-15,0,777,777,777,0,0,0,777,777,777,38,1,3170,1987-04-30,1,0,0,0,0,0,0,,6,0,0,0,1
"32-NU-68",2011-09-16,1,777,777,777,0,0,0,777,777,777,40,1,3735,1989-12-29,0,0,0,0,1,0,0,,8,0,0,0,1
"95-NN-36",2010-11-18,1,777,777,777,0,0,0,777,777,0,40,0,3936,1982-10-02,1,0,0,0,0,0,0,,8,0,,0,1
"31-BN-18",2012-07-03,0,777,777,777,0,0,0,777,777,777,38,0,3253,1981-10-03,1,0,1,0,0,0,0,,4,0,0,0,1
"65-ZF-43",2011-08-09,1,777,777,0,0,0,0,777,777,0,41,1,3960,1983-02-09,1,0,0,0,0,0,0,,8,0,0,0,1
"79-IB-27",2012-03-06,0,777,777,0,0,0,0,777,777,777,40,0,2902,1977-10-18,1,0,0,0,0,0,0,,4,0,0,0,1
"31-NS-22",2011-06-09,0,0,777,777,0,0,0,,,,39,1,3375,1981-06-13,1,0,0,0,0,0,0,,4,0,0,0,1
"34-JH-19",2010-07-16,1,777,777,777,0,0,0,0,777,777,40,1,3198,1982-08-02,1,0,0,0,0,0,0,,1,0,0,0,1
"94-FQ-48",2011-03-31,0,777,777,0,0,0,0,777,777,777,40,0,4280,1980-07-29,1,0,0,0,0,0,0,,8,0,0,0,1
"94-OE-22",2011-07-22,0,777,777,777,0,0,0,777,777,777,39,0,3715,1973-02-24,1,0,0,0,0,0,0,,,0,0,0,1
"79-ML-83",2012-04-03,1,777,777,777,0,0,0,777,777,0,35,0,3120,1984-11-09,,,,,,,,,3,1,0,0,1
"83-TI-17",2011-07-21,0,777,777,777,0,0,0,777,777,777,40,0,3520,1981-06-22,1,0,0,0,0,0,0,,8,0,0,0,1
"37-KJ-07",2011-03-09,1,777,777,0,0,0,0,777,777,777,39,0,4043,1980-02-11,1,0,0,0,0,0,0,,4,1,0,0,1
"94-MS-21",2012-05-23,0,777,777,777,0,0,0,777,777,777,40,1,4000,1974-07-09,1,0,0,0,0,0,0,,3,0,0,0,1
"78-UV-62",2011-12-16,1,777,777,0,0,0,0,777,777,777,37,1,3365,1987-02-10,0,0,0,0,1,0,0,,3,0,1,0,1
"63-AE-06",2012-05-03,1,777,777,1,0,0,0,777,777,0,38,0,3645,1976-05-11,1,0,0,0,0,0,0,,6,0,0,0,1
"59-CT-19",2012-01-16,1,0,777,777,0,0,0,0,777,777,38,0,3180,1987-12-06,1,0,0,0,0,0,0,,7,0,0,0,1
"33-KT-07",2012-03-29,1,0,777,777,0,0,0,777,777,777,38,0,2955,1974-11-01,1,0,0,0,0,0,0,,8,0,0,0,1
"25-PW-43",2011-08-25,0,777,777,777,0,0,0,777,777,0,39,1,3120,1974-01-11,1,0,0,0,0,0,0,,4,0,0,1,1
"84-QL-12",2010-08-25,1,777,777,0,0,0,0,777,777,777,40,0,3800,1978-12-25,,,,,,,,,7,0,1,0,1
"98-OZ-38",2010-09-27,0,777,777,777,0,0,0,777,777,777,40,0,2955,1979-10-07,1,0,0,0,0,0,0,,4,0,0,0,1
"66-ZF-05",2012-03-12,0,777,777,777,0,0,0,0,777,777,40,0,4095,1977-10-02,0,0,0,0,0,1,0,,8,0,0,0,1
"56-TM-01",2012-05-14,1,777,777,1,0,0,0,0,777,777,37,0,3470,1980-03-05,0,0,1,0,0,0,0,,7,0,0,0,1
"66-ZD-40",2012-05-04,0,777,777,777,0,0,0,777,777,777,38,0,2990,1976-05-31,0,0,0,0,0,0,1,"Mixed",8,0,0,0,1
"93-ZG-13",2010-08-12,1,777,777,0,0,0,0,777,777,0,39,1,3340,1978-05-26,0,0,0,1,0,0,0,,3,0,0,0,1
"22-BV-02",2011-06-16,1,777,777,0,0,0,0,777,777,777,41,0,3426,1980-12-04,0,0,1,0,0,0,0,,7,0,0,0,1
"33-SW-36",2012-05-16,0,777,777,0,0,0,0,777,777,777,41,0,2973,1980-08-15,1,0,0,0,0,0,0,,4,0,0,0,1
"81-WP-80",2012-06-05,0,777,777,777,0,0,0,777,777,777,40,0,3525,1982-08-07,1,0,0,0,0,0,0,,4,0,0,0,1
"60-ZW-41",2010-11-19,1,777,777,0,0,0,0,,,,31,1,1280,1978-10-23,1,0,0,0,0,0,0,,8,0,0,0,1
"74-MT-69",2011-12-21,1,0,777,777,0,0,0,777,777,777,41,0,4250,1981-07-06,1,0,0,0,0,0,0,,3,1,0,0,1
"31-RR-09",2011-10-21,2,777,777,777,0,0,0,777,0,777,39,1,2991,1991-04-10,0,0,0,0,1,0,0,,7,0,0,0,1
"74-RO-46",2012-03-28,1,777,777,1,0,0,0,0,777,777,35,0,1840,1982-08-16,1,0,0,0,0,0,0,,5,0,0,0,1
"34-OG-45",2011-12-13,0,777,777,777,0,0,0,777,777,777,39,0,3795,1981-12-20,0,0,0,1,0,0,0,,4,0,0,1,1
"39-JI-13",2011-08-04,0,777,777,0,0,0,0,777,777,777,38,1,3439,1979-06-09,0,1,0,0,0,0,0,,8,0,0,0,1
"74-FC-79",2012-02-24,0,777,777,777,0,0,0,777,777,777,40,0,4353,1981-04-29,1,0,0,0,0,0,0,,5,0,0,0,1
"63-DC-51",2010-09-21,1,777,777,777,0,0,0,777,777,777,40,1,3584,1978-04-22,1,0,0,0,0,0,0,,8,0,0,0,1
"35-EI-26",2011-03-01,0,777,777,777,,,,,,,38,0,3200,1979-12-04,1,0,0,0,0,0,0,,4,0,0,0,1
"44-DD-77",2012-06-14,0,777,777,777,0,0,0,777,777,777,38,0,3090,1986-11-06,1,0,0,0,0,0,0,,5,0,0,0,1
"50-DH-53",2012-05-04,0,777,777,777,0,0,0,777,777,777,40,1,3282,1988-03-27,0,0,0,0,1,0,0,,3,0,0,0,1
"12-XJ-05",2011-06-17,0,777,777,777,0,0,0,777,777,777,40,1,3660,1981-05-15,0,0,0,0,0,0,1,"Persian",5,0,0,0,1
"82-VB-17",2011-05-09,1,777,777,777,0,0,0,0,777,777,39,1,3850,1980-04-10,1,0,0,0,0,0,0,,4,0,0,1,1
"72-UD-87",2012-03-29,1,777,777,0,0,0,0,777,777,777,38,0,3020,1982-02-22,0,0,0,0,0,1,0,,7,0,0,0,1
"38-DH-51",2012-07-06,1,777,777,1,0,0,0,0,777,777,40,1,3805,1983-06-24,1,0,0,1,0,0,0,,8,0,0,0,1
"36-KK-94",2011-07-14,1,0,777,777,0,0,0,777,777,777,39,1,3325,1972-08-11,1,0,0,0,0,0,0,,3,1,0,0,1
"90-GJ-77",2011-01-07,0,777,777,777,0,0,0,777,777,777,38,1,3326,1974-06-06,1,0,0,0,0,0,0,,4,0,0,0,1
"83-LN-22",2010-12-14,1,777,777,777,0,0,0,,,,41,1,3420,1981-03-26,0,0,0,0,1,0,0,,8,0,0,0,1
"30-NU-63",2010-12-03,2,777,777,0,0,0,0,777,777,777,38,1,3185,1979-08-29,0,0,0,1,0,0,0,,7,0,0,0,1
"02-FV-93",2012-05-30,1,777,777,777,,,,777,777,777,41,1,4085,1979-02-14,1,0,0,0,0,0,0,,6,1,0,1,1
"50-RN-72",2011-05-11,1,0,777,777,0,0,0,777,777,777,40,0,4180,1971-01-09,1,0,0,0,0,0,0,,6,0,0,0,1
"99-KF-05",2011-01-31,0,777,777,777,0,0,0,777,777,777,41,0,3960,1979-03-07,1,0,0,0,0,0,0,,8,0,0,0,1
"57-BI-53",2011-08-26,1,777,777,777,0,0,0,777,777,0,38,0,3285,1980-08-07,1,1,0,0,0,0,0,,8,0,0,0,1
"97-YX-67",2011-12-02,0,777,777,777,0,0,0,777,777,777,38,0,2930,1979-07-04,1,0,0,0,0,1,0,,3,0,0,0,1
"08-MZ-25",2011-02-03,0,777,777,777,0,0,0,777,777,777,41,0,3600,1980-12-07,1,0,1,0,0,0,0,,4,0,0,,1
"21-IT-40",2012-04-24,0,777,777,777,0,0,0,777,777,777,39,1,2868,1975-10-13,1,0,0,0,0,0,0,,8,0,0,0,1
"01-TG-84",2012-04-12,1,777,777,777,0,0,0,777,777,777,38,0,3005,1975-05-20,,,,,,,,,5,0,0,0,1
"62-TY-71",2012-03-23,0,777,777,777,0,0,0,777,777,777,41,1,3306,1983-10-11,0,0,0,1,0,0,0,,2,0,0,0,1
"08-NF-97",2012-03-27,2,0,777,777,0,0,0,777,777,777,41,1,3746,1989-03-17,1,0,0,0,0,0,0,,8,0,0,0,1
"20-FX-37",2012-03-05,1,777,777,0,0,0,0,777,777,777,41,1,3275,1982-03-15,1,0,0,0,0,0,0,,4,0,1,0,1
"98-UJ-02",2011-08-10,0,777,777,777,0,0,0,777,777,0,36,0,2650,1973-03-11,1,0,0,0,0,0,0,,8,0,0,0,1
"35-SM-96",2011-11-29,1,777,777,777,0,0,0,777,777,777,39,1,3348,1981-07-16,1,0,0,0,0,0,0,,8,0,0,0,1
"30-AQ-17",2011-12-20,1,777,777,777,0,0,0,777,777,777,41,1,3796,1982-12-21,1,0,0,0,0,0,0,,8,0,0,0,1
"54-LH-90",2011-02-15,0,777,777,777,0,0,0,777,777,777,37,0,3450,1970-02-08,0,0,0,0,1,0,0,,4,0,0,0,1
"91-AU-42",2011-10-14,0,777,1,777,0,0,0,0,777,777,39,1,2950,1980-11-04,1,0,0,0,0,0,0,,8,0,0,0,1
"59-WH-59",2011-03-25,1,777,777,0,,,,,,,35,0,2335,1989-05-10,1,0,0,0,0,0,0,,2,0,0,0,1
"81-MV-35",2012-05-14,1,777,777,10,,,,,,,39,1,3340,1987-06-19,1,0,1,0,0,0,0,,4,0,0,0,1
"82-TA-49",2012-05-01,0,777,777,777,0,0,0,777,777,777,39,1,3239,1982-03-10,1,0,0,0,0,0,0,,3,0,0,0,1
"68-XS-94",2012-02-22,0,777,777,0,0,0,0,777,777,0,39,0,3340,1975-02-01,1,0,0,0,0,0,0,,8,0,0,0,1
"08-CZ-53",2012-03-13,1,0,0,1,0,0,0,777,777,0,41,0,3275,1977-10-16,1,0,0,0,0,0,0,,7,0,0,0,1
"14-WB-69",2010-10-05,0,0,777,777,0,0,0,777,777,777,40,1,3525,1983-11-23,1,0,0,0,0,0,0,,8,0,0,0,1
"89-CY-94",2012-04-13,0,777,777,777,0,0,0,0,777,777,40,0,3900,1979-11-11,1,0,0,0,0,0,0,,8,0,0,0,1
"84-GM-78",2010-11-16,1,777,777,0,0,0,0,777,777,777,39,0,3806,1984-07-14,1,0,0,0,0,0,0,,5,,0,0,1
"79-UN-50",2012-04-04,0,777,777,777,0,0,0,777,777,777,38,0,3205,1974-03-12,0,1,0,0,0,0,0,,8,0,0,0,1
"38-BT-76",2011-03-02,1,777,777,0,0,0,0,777,777,777,38,0,3811,1985-05-04,0,0,0,1,0,0,0,,5,0,0,,1
"10-NY-92",2010-07-06,0,999,888,0,0,0,0,777,0,777,39,0,3520,1973-03-13,0,0,0,0,1,0,0,,8,0,0,0,1
"02-WD-52",2011-07-18,0,777,777,777,0,0,0,777,777,777,35,0,2592,1981-11-13,0,0,1,0,0,0,0,,3,0,0,0,1
"37-NB-29",2011-09-09,1,777,777,777,0,0,0,777,777,777,38,0,2960,1982-11-25,0,0,0,0,0,1,0,,7,0,0,1,1
"38-TB-37",2011-12-07,0,777,777,777,0,0,0,777,777,777,40,0,4040,1981-12-03,1,0,0,0,0,0,0,,7,0,0,0,1
"51-JY-65",2010-11-04,0,777,777,0,0,0,0,777,777,777,39,0,3990,1974-04-07,1,0,0,0,0,0,0,,7,0,0,0,1
"04-FZ-88",2012-04-04,0,777,777,777,0,0,0,777,777,777,40,1,3295,1974-05-20,0,0,0,1,0,0,0,,5,1,0,0,1
"14-KO-62",2011-09-07,1,777,777,777,0,0,0,777,777,777,40,1,3050,1982-04-24,0,1,0,0,0,0,0,,5,0,0,0,1
"92-JU-77",2012-03-27,1,777,777,0,0,0,0,777,777,0,39,1,3348,1982-08-18,,,,,,,,,8,0,0,0,1
"16-KL-74",2011-07-04,1,777,777,0,0,0,0,777,777,777,40,0,3560,1980-02-11,0,0,0,0,1,0,0,,,0,0,0,1
"46-SQ-13",2010-11-18,1,777,777,777,0,0,0,777,777,777,40,1,3490,1982-03-31,1,0,0,0,0,0,0,,4,1,0,0,1
"51-YI-91",2012-02-06,0,777,777,777,0,0,0,777,777,777,40,1,3550,1985-11-20,1,0,0,0,0,0,0,,3,1,0,0,1
"61-ZH-01",2011-07-26,1,777,777,0,0,0,0,777,777,0,40,0,3643,1973-05-15,0,0,1,0,0,0,0,,5,0,0,0,1
"44-ZL-69",2012-04-27,0,777,777,777,0,0,0,777,777,777,40,0,3716,1973-11-06,1,0,0,0,0,0,0,,8,0,0,0,1
"46-KD-54",2011-12-19,0,777,777,777,0,0,0,777,777,777,33,1,1735,1984-01-10,1,0,0,0,0,0,0,,7,0,0,0,1
"79-OA-81",2010-06-28,0,777,777,777,0,0,0,777,777,777,39,1,3246,1987-02-11,1,0,0,0,0,0,0,,8,0,0,0,1
"70-WF-70",2012-02-15,0,777,777,777,0,0,0,777,777,777,40,0,3060,1979-12-20,1,0,0,0,0,0,0,,7,0,0,0,1
"56-HK-31",2011-09-20,1,777,777,0,0,0,0,777,777,777,40,1,3750,1980-12-20,1,0,0,0,0,0,0,,3,0,0,0,1
"56-WZ-73",2012-05-31,0,777,777,777,0,0,0,777,777,777,39,1,3030,1982-11-23,0,1,0,0,0,0,0,,4,0,1,0,1
"55-QJ-65",2010-11-23,0,777,777,0,0,0,0,777,777,777,38,0,3870,1984-05-15,1,0,0,0,0,0,0,,4,0,0,0,1
"20-XS-16",2011-09-02,0,777,777,0,0,0,0,777,777,0,37,1,3770,1979-09-15,1,0,0,0,0,0,0,,,0,0,0,1
"92-ZP-78",2010-12-13,1,777,777,0,0,0,0,777,777,0,37,0,3593,1984-10-06,1,0,0,0,0,0,0,,8,0,0,0,1
"65-RK-95",2010-09-23,0,777,777,0,0,0,0,777,777,777,41,1,3770,1979-10-26,1,0,0,0,0,0,0,,7,0,,0,1
"42-NH-38",2011-12-16,2,777,777,0,0,0,0,777,777,0,41,1,3280,1974-05-13,1,0,0,0,0,0,0,,8,0,0,0,1
"48-GQ-38",2011-01-31,0,777,777,0,0,0,0,777,777,777,41,0,3500,1973-05-21,1,0,0,0,0,0,0,,3,0,0,0,1
"30-BJ-30",2012-04-11,0,0,777,777,0,0,0,0,777,777,38,0,3090,1982-05-11,1,0,0,0,0,0,0,,8,0,0,0,1
"25-EF-58",2010-07-14,1,777,777,0,0,0,0,777,777,777,39,0,3020,1982-10-19,0,1,0,0,0,0,0,,8,0,0,0,1
"77-DC-53",2011-01-04,2,0,0,0,0,0,0,777,777,777,40,0,3490,1974-05-07,1,0,0,0,0,0,0,,8,0,0,0,1
"41-LF-30",2010-09-04,1,777,777,777,0,0,0,777,777,777,39,0,3125,1976-11-11,0,0,0,0,0,1,0,,7,0,0,0,1
"73-SZ-02",2010-12-14,1,777,777,777,0,0,0,777,777,777,39,0,3310,1981-03-26,1,0,0,0,0,0,0,,3,0,0,0,1
"14-AA-88",2012-03-12,1,777,777,0,0,0,0,777,777,777,38,1,2850,1972-02-17,1,0,0,0,0,0,0,,8,0,0,0,1
"76-JP-47",2011-09-21,1,777,777,0,0,0,0,777,777,777,38,1,3185,1980-06-28,1,0,0,0,0,0,0,,8,0,0,0,1
"59-TR-75",2011-11-18,0,777,777,777,0,0,0,777,777,777,38,0,3430,1985-02-06,0,0,1,0,0,0,0,,7,0,0,0,1
"68-DO-90",2011-06-20,1,777,777,2,0,0,0,777,777,777,39,1,3056,1979-08-20,1,0,0,0,0,0,0,,4,0,0,1,1
"00-BW-55",2012-02-20,1,777,777,1,0,0,0,777,777,777,40,0,3805,1985-01-05,0,0,0,0,1,0,0,,8,0,0,0,1
"92-ZF-42",2012-01-31,2,777,777,0,0,0,0,777,777,777,39,1,3565,1990-12-27,1,0,0,0,0,1,0,,2,0,0,0,1
"24-CT-99",2011-04-21,1,777,777,777,0,0,0,777,777,777,40,1,3990,1982-07-29,1,0,0,0,0,0,0,,4,0,0,0,1
"89-WE-93",2011-11-14,0,777,777,777,0,0,0,,,,41,1,3826,1986-05-03,0,0,0,0,1,0,0,,7,,0,1,1
"06-NC-96",2012-06-08,0,777,777,777,0,0,0,777,777,777,40,1,2950,1982-02-06,1,0,0,0,0,0,0,,8,0,0,0,1
"45-ZY-59",2011-07-06,0,777,777,777,0,0,0,777,777,777,40,1,3210,1970-04-30,1,0,0,0,0,0,0,,8,0,0,0,1
"94-IR-83",2010-11-10,1,777,777,777,0,0,0,777,777,777,39,1,3745,1985-02-28,1,0,0,0,0,0,0,,7,0,0,0,1
"88-WN-91",2010-06-23,6,0,777,777,,,,,,,38,1,3130,1985-03-09,0,0,0,1,0,0,0,,2,0,0,0,1
"08-HK-34",2011-01-24,0,777,777,777,0,0,0,,,,38,0,3740,1973-05-05,0,0,0,0,1,0,0,,6,0,0,0,1
"02-PD-70",2011-06-29,1,777,777,0,,,,777,777,777,36,1,3091,1980-10-20,0,0,0,0,1,0,0,,5,0,0,0,1
"01-XQ-93",2012-04-20,1,777,777,0,0,0,0,777,777,777,41,0,4270,1982-11-10,1,0,0,0,0,0,0,,6,0,0,0,1
"33-XC-63",2011-09-27,0,777,777,0,0,0,0,777,777,777,40,1,4420,1981-07-13,0,0,0,0,1,0,0,,6,0,0,0,1
"43-DQ-99",2012-06-01,0,777,777,777,0,0,0,777,777,777,40,0,3240,1982-05-16,1,0,0,0,0,0,0,,3,0,0,0,1
"20-QO-78",2011-02-09,0,777,0,777,0,0,0,,,,34,1,2425,1980-02-07,0,1,0,0,0,0,0,,5,1,1,0,1
"79-GE-92",2012-04-27,1,777,777,777,0,0,0,777,777,777,36,0,2800,1983-07-04,0,0,0,1,0,0,0,,7,0,0,0,1
"52-SS-69",2010-11-16,1,777,777,777,0,0,0,777,777,777,39,0,3940,1972-09-01,0,0,0,0,0,0,1,"Turkish",8,0,0,0,1
"15-QA-42",2011-11-25,0,777,777,777,0,0,0,777,777,777,39,0,3500,1977-06-18,1,0,0,0,0,0,0,,3,0,0,0,1
"75-TS-26",2012-05-16,1,777,777,777,0,0,0,777,777,777,38,0,3616,1977-10-28,1,0,0,0,0,0,0,,3,0,1,0,1
"96-HF-76",2010-12-10,0,777,777,1,0,0,0,777,777,777,39,1,3340,1982-10-12,1,0,0,0,0,0,0,,7,0,0,0,1
"34-UE-33",2012-05-23,0,777,777,777,0,0,0,777,777,777,40,0,3520,1971-02-04,,,,,,,,,8,0,0,0,1
"32-NM-77",2012-05-09,1,777,777,777,0,0,0,777,777,777,39,0,3650,1983-08-04,0,0,0,1,0,0,0,,6,0,0,0,1
"36-ET-37",2012-06-19,0,777,777,777,0,0,0,777,777,777,41,1,3714,1980-06-02,1,0,0,0,0,0,0,,8,0,0,0,1
"88-SE-11",2012-04-02,0,777,777,777,0,0,0,777,777,777,39,1,2872,1976-01-12,1,0,0,0,0,0,0,,8,0,0,0,1
"54-OV-53",2012-05-09,0,777,777,777,0,0,0,777,777,777,40,0,3660,1984-09-10,1,0,0,0,0,0,0,,2,0,0,0,1
"12-DA-49",2010-11-04,0,777,777,777,0,0,0,777,777,777,40,0,3850,1975-04-05,1,0,0,0,0,0,0,,5,0,0,0,1
"66-YJ-45",2011-10-07,2,0,777,777,0,0,0,777,777,777,41,0,3060,1993-07-20,0,0,0,1,0,0,0,,5,0,0,0,1
"90-SW-49",2011-05-04,0,777,777,777,0,0,0,777,777,777,36,1,2360,1975-01-03,0,0,0,0,0,1,0,,6,0,,0,1
"94-TG-96",2011-02-24,0,777,777,777,0,0,0,777,777,777,36,1,2945,1978-12-23,1,0,0,0,0,0,0,,,0,0,0,1
"85-XB-58",2011-04-19,0,777,777,777,0,0,0,777,777,777,37,0,2765,1974-07-19,1,0,0,0,0,0,0,,7,,0,0,1
"97-WW-86",2012-03-29,1,777,777,1,0,0,0,0,777,777,38,0,2690,1982-07-06,0,0,0,1,0,0,0,,1,1,0,0,1
"36-TZ-31",2010-12-22,0,777,777,777,0,0,0,777,777,777,39,0,3211,1974-11-02,0,0,1,0,0,0,0,,4,0,0,0,1
"02-VM-23",2011-07-05,1,777,777,777,0,0,0,777,777,777,38,0,2800,1982-03-11,0,0,1,0,0,0,0,,8,0,0,0,1
"99-DZ-84",2011-11-17,0,777,777,777,0,0,0,777,777,777,39,1,3550,1978-01-24,0,0,1,0,0,0,0,,8,0,0,0,1
"22-JI-42",2012-01-18,0,777,777,1,0,0,0,777,777,777,38,1,2910,1981-01-08,1,0,0,0,0,0,0,,8,0,0,0,1
"68-VE-22",2012-05-10,0,777,777,777,0,0,0,,,,39,1,3445,1977-03-07,0,0,0,0,1,0,0,,8,0,0,0,1
"83-RW-64",2010-09-30,1,777,777,0,0,0,0,777,777,0,39,1,3620,1986-04-19,1,0,0,0,0,0,0,,5,0,0,0,1
"08-VC-30",2011-09-27,1,777,777,0,0,0,0,777,777,777,40,1,4485,1979-08-26,1,0,0,0,0,0,0,,7,0,0,0,1
"75-YZ-02",2011-05-12,1,777,777,0,0,0,0,777,777,0,41,1,3055,1975-12-28,1,0,0,0,0,0,0,,7,0,0,0,1
"18-FA-14",2012-03-30,1,777,777,0,0,0,0,777,777,777,37,1,3530,1979-10-15,0,1,0,0,0,0,0,,8,0,0,0,1
"19-KC-40",2012-02-29,1,777,777,0,0,0,0,777,777,777,37,1,2900,1980-02-26,1,0,0,0,0,0,0,,8,0,0,0,1
"10-TO-93",2012-03-29,1,777,777,777,0,0,0,777,777,0,36,1,2806,1982-07-16,1,0,0,0,0,0,0,,8,0,0,0,1
"41-ME-35",2012-03-07,2,777,777,777,,,,,,,38,0,3013,1980-11-02,0,0,0,0,0,0,1,"Persian",3,0,1,0,1
"33-AB-86",2012-01-17,1,777,777,3,0,0,0,777,777,777,38,0,3835,1974-09-29,0,0,0,0,1,0,0,,2,0,0,0,1
"12-XW-13",2012-02-28,0,777,777,777,999,888,888,777,777,777,39,0,3442,1975-06-07,1,0,0,0,0,0,0,,4,0,,0,1
"35-NG-23",2011-07-06,0,777,777,777,0,0,0,777,777,777,40,1,3878,1970-07-24,0,0,0,0,0,0,1,"Turkish",7,1,0,0,1
"00-CG-25",2012-03-09,1,777,777,777,0,0,0,,,,41,0,4060,1983-03-03,1,0,0,0,0,0,0,,8,0,0,0,1
"08-BQ-39",2012-01-13,1,777,777,777,0,0,0,777,777,0,39,0,3855,1986-10-29,1,0,0,0,0,0,0,,1,1,0,0,1
"49-FG-38",2011-06-29,1,777,777,777,0,0,0,777,777,777,39,1,3694,1976-12-04,0,0,0,0,1,0,0,,4,0,0,0,1
"12-SB-02",2010-11-15,1,777,777,2,0,0,0,777,777,777,38,1,4025,1979-08-23,1,0,0,0,0,0,0,,8,0,0,0,1
"75-WQ-63",2010-05-27,1,777,777,0,0,0,0,777,777,777,39,1,3760,1985-10-16,0,0,0,0,0,0,1,"Arab",4,0,0,0,1
"66-NR-63",2011-06-17,1,777,777,777,0,0,0,777,777,777,40,0,3733,1984-06-08,0,0,1,0,0,0,0,,7,0,0,0,1
"90-RB-51",2011-07-21,1,777,777,777,0,0,0,777,777,777,39,1,4110,1980-09-20,0,0,0,0,0,0,1,"Mixed",7,0,0,0,1
"75-IY-42",2011-06-14,1,777,777,777,0,0,0,777,777,0,40,0,3880,1980-12-16,0,0,1,0,0,0,0,,5,1,0,0,1
"32-ZN-20",2012-05-03,0,777,777,0,0,0,0,777,777,777,39,1,3565,1988-05-05,1,0,0,0,0,0,0,,8,0,0,0,1
"25-QV-59",2011-10-18,0,777,777,777,0,0,0,777,777,777,38,0,3730,1975-03-20,1,0,0,0,0,0,0,,8,0,0,,1
"46-OF-04",2011-05-20,1,777,777,0,0,0,0,777,777,777,41,0,3135,1972-06-13,1,0,0,0,0,0,0,,5,0,0,0,1
"63-IN-86",2012-03-29,1,777,777,0,0,0,0,777,777,777,39,1,3193,1977-07-15,0,0,0,1,0,0,0,,4,0,0,0,1
"69-XP-56",2010-09-22,1,0,777,777,0,0,0,0,777,777,41,0,3620,1979-04-22,1,0,0,0,0,0,0,,4,0,1,0,1
"48-YZ-93",2011-11-08,1,777,777,0,0,0,0,777,777,777,35,1,2130,1981-08-28,1,0,0,0,0,0,0,,8,0,0,0,1
"58-GJ-84",2012-04-03,0,0,777,777,0,0,0,777,777,777,40,0,3695,1984-11-02,1,0,0,0,0,0,0,,4,0,0,0,1
"52-PD-34",2011-02-07,0,777,777,777,0,0,0,777,777,777,40,1,3430,1976-01-27,0,0,0,0,0,0,1,"Persian",8,0,0,0,1
"99-HE-04",2011-11-11,1,0,777,777,0,0,0,777,777,777,39,1,3150,1984-08-09,1,0,0,0,0,0,0,,3,0,0,0,1
"74-SR-39",2012-04-24,0,777,777,1,0,0,0,0,777,777,40,1,3650,1981-11-03,0,0,0,1,0,0,0,,4,0,0,0,1
"36-DF-03",2012-06-13,1,777,777,777,0,0,0,777,777,777,41,0,3595,1978-12-12,1,0,0,0,0,0,0,,1,0,0,0,1
"66-UW-91",2012-02-15,2,0,777,777,,,,,,,41,1,4112,1984-09-14,0,0,1,0,0,0,0,,7,0,0,0,1
"37-XM-25",2011-01-31,0,777,777,777,0,0,0,777,777,777,40,1,3736,1979-07-25,0,1,0,0,0,0,0,,3,0,0,1,1
"58-OA-10",2011-10-07,0,777,777,777,0,0,0,777,777,777,39,1,3710,1982-07-14,0,0,0,1,0,0,0,,8,0,0,0,1
"20-UD-43",2012-02-09,1,777,777,0,0,0,0,777,777,0,39,1,3990,1979-04-11,1,0,0,0,0,0,0,,8,0,0,0,1
"68-GW-86",2011-06-20,0,777,777,777,0,0,0,777,777,777,41,1,4500,1985-12-10,1,0,0,0,0,0,0,,4,0,0,0,1
"31-IW-29",2011-10-17,0,777,777,777,0,0,0,777,777,777,38,1,3170,1985-04-24,1,0,0,0,1,0,0,,7,0,1,0,1
"38-VG-24",2012-03-27,3,777,777,777,0,0,0,777,777,777,38,0,3080,1982-02-20,1,0,0,0,0,0,0,,3,0,0,1,1
"98-EI-29",2012-03-23,0,777,777,777,0,0,0,777,777,777,40,0,3290,1977-11-03,1,0,0,0,0,0,0,,7,1,0,0,1
"04-VT-84",2012-07-05,1,777,777,777,0,0,0,777,777,777,39,1,3405,1980-09-03,1,0,0,0,0,0,0,,,0,,0,1
"87-TQ-61",2012-05-23,2,777,777,0,0,0,0,777,777,777,40,1,3103,1981-04-13,1,0,0,0,0,0,0,,7,0,0,0,1
"59-MS-74",2012-03-15,0,777,777,777,0,0,0,777,777,777,,0,4036,1979-06-20,1,0,0,0,0,0,0,,7,0,0,1,1
"79-DN-78",2011-12-14,1,777,777,0,0,0,0,777,777,777,37,0,3365,1979-02-26,1,0,0,0,0,0,0,,7,0,0,0,1
"31-TC-05",2012-02-15,0,777,777,777,0,0,0,777,777,777,41,1,2850,1984-03-05,1,0,0,0,1,0,0,,8,0,0,0,1
"48-YR-98",2012-01-17,0,777,777,777,0,0,0,777,777,777,39,0,3992,1977-06-21,0,0,1,0,0,0,0,,5,0,0,0,1
"93-FK-76",2011-12-19,0,777,777,0,0,0,0,777,777,0,39,0,4039,1980-10-23,0,0,1,0,0,0,0,,5,0,0,0,1
"63-ZH-32",2011-07-07,1,0,777,777,,,,777,777,777,41,0,3940,1977-07-24,1,0,0,0,0,0,0,,7,1,0,0,1
"95-VV-58",2010-10-27,2,0,777,777,,,,,,,38,1,3235,1983-08-16,0,0,1,0,0,0,0,,7,0,0,0,1
"28-EO-27",2010-06-22,1,777,777,777,0,0,0,777,777,777,36,1,2715,1983-10-18,1,0,0,0,0,0,0,,3,0,0,0,1
"06-GI-91",2011-05-20,1,777,777,0,0,0,0,777,777,777,38,0,3340,1989-03-01,1,0,0,0,0,0,0,,7,0,0,0,1
"06-AS-19",2011-05-31,0,777,777,777,0,0,0,777,777,777,39,1,3300,1967-05-24,1,0,0,0,0,0,0,,3,0,0,0,1
"52-EI-45",2011-04-13,0,777,777,777,0,0,0,777,777,777,40,1,3020,1977-03-14,1,0,0,0,0,0,0,,5,0,0,0,1
"92-NN-34",2011-01-27,0,777,777,777,,,,,,,40,0,3870,1975-06-20,0,0,0,0,1,0,0,,4,0,0,0,1
"50-HZ-57",2011-09-29,1,777,777,777,0,0,0,777,777,777,39,1,3400,1987-12-06,1,0,0,0,0,0,0,,5,0,0,0,1
"62-MM-02",2011-12-16,1,777,777,777,0,0,0,777,777,777,37,1,3000,1987-03-15,1,0,0,0,0,0,0,,7,0,0,0,1
"83-GK-88",2011-06-17,1,0,777,777,,,,,,,39,0,4236,1979-03-19,1,0,0,0,0,1,0,,6,0,0,0,1
"28-OM-96",2010-11-03,1,777,777,0,0,0,0,777,888,777,37,0,2968,1975-11-18,1,0,0,0,0,0,0,,3,1,0,0,1
"02-GS-22",2012-03-30,0,777,777,0,0,0,0,777,777,777,39,0,3125,1979-04-11,0,1,0,0,0,0,0,,6,0,0,0,1
"13-SF-54",2012-02-22,1,777,777,777,0,0,0,777,777,777,41,0,3475,1980-08-06,0,0,0,1,0,0,0,,8,0,0,0,1
"97-NX-20",2012-03-14,0,777,777,777,0,0,0,777,777,777,39,1,3630,1980-11-14,0,0,0,0,0,1,0,,2,0,0,0,1
"27-OB-02",2012-06-13,0,777,777,777,0,0,0,777,777,777,36,1,3590,1985-02-16,1,0,0,0,0,1,0,,8,0,0,0,1
"41-MT-10",2012-05-18,1,0,777,777,0,0,0,0,777,777,39,1,3290,1980-03-09,1,0,0,0,0,0,0,,8,0,0,0,1
"83-PL-60",2012-06-04,0,777,777,777,0,0,0,777,777,0,37,1,2520,1975-01-20,1,0,0,0,0,0,0,,5,0,0,0,1
"76-GA-69",2010-12-13,1,777,0,777,0,0,0,777,777,777,38,0,3140,1982-03-25,1,0,0,0,0,0,0,,6,0,0,0,1
"14-UN-93",2011-05-11,1,777,777,777,0,0,0,777,777,777,38,1,2862,1981-01-30,1,0,0,0,0,0,0,,5,0,0,0,1
"35-EV-04",2012-02-15,0,777,777,777,0,0,0,777,777,777,37,0,3145,1974-09-07,0,1,0,0,0,0,0,,2,1,0,0,1
"41-VJ-66",2012-03-05,1,0,0,0,0,0,0,777,777,0,39,0,3395,1982-11-29,1,0,0,0,0,0,0,,3,0,0,0,1
"99-EO-25",2011-01-25,1,777,777,777,0,0,0,777,777,777,39,1,4025,1986-12-25,1,0,0,0,0,0,0,,7,0,0,0,1
"16-FN-09",2010-11-09,1,777,777,2,0,0,0,777,777,777,36,1,3190,1985-06-28,1,0,0,0,0,0,0,,8,0,0,0,1
"74-WC-81",2012-02-23,0,777,777,777,0,0,0,777,777,777,40,1,3810,1982-12-30,1,0,0,0,0,0,0,,6,0,0,,1
"43-CJ-45",2010-11-18,1,0,777,777,,,,,,,41,1,3705,1982-07-29,0,0,1,0,0,0,0,,6,0,0,0,1
"33-GB-24",2012-02-10,1,777,777,1,0,0,0,777,777,777,39,1,2375,1982-06-28,1,0,0,0,0,0,0,,8,0,0,0,1
"46-LM-88",2012-02-24,1,777,777,0,0,0,0,777,777,777,40,1,3914,1981-03-17,1,0,0,0,0,0,0,,5,0,1,0,1
"68-FW-46",2012-02-07,1,777,777,0,0,0,0,777,777,777,41,0,3354,1986-05-08,1,0,0,0,0,0,0,,4,0,0,0,1
"76-BE-49",2012-04-27,0,0,777,777,0,0,0,777,777,777,38,0,3370,1982-06-12,1,0,0,0,0,0,0,,4,1,0,0,1
"48-JR-84",2011-02-22,2,777,777,0,0,0,0,0,777,777,41,1,3500,1967-09-07,1,0,0,0,0,0,0,,7,0,0,0,1
"48-WH-88",2010-11-23,1,777,777,0,0,0,0,777,777,777,40,1,4060,1971-06-24,0,0,0,0,0,0,1,"Persian",8,0,0,0,1
"99-SP-99",2012-04-03,0,777,777,777,0,0,0,0,0,888,40,1,4095,1978-05-21,0,0,0,0,1,0,0,,2,0,0,,1
"97-RT-52",2011-04-13,1,888,888,888,0,0,0,777,777,0,38,0,3070,1977-01-09,0,0,1,0,0,0,0,,7,0,0,0,1
"62-UL-60",2012-05-24,0,777,777,777,0,0,0,777,777,777,38,1,4025,1976-05-27,1,0,0,0,0,0,0,,8,0,0,0,1
"63-IP-23",2010-10-29,0,777,777,777,0,0,0,777,777,777,41,0,3190,1982-02-23,0,0,0,0,1,0,0,,5,0,0,0,1
"41-EU-14",2011-02-09,1,777,777,0,0,0,0,777,777,0,40,1,4015,1980-01-17,0,0,1,0,0,0,0,,8,0,0,0,1
"65-DC-08",2012-05-04,0,777,777,0,0,0,0,777,777,0,40,1,3116,1977-05-30,0,0,0,0,1,0,0,,6,0,0,0,1
"90-GL-11",2011-11-17,1,777,777,777,0,0,0,777,777,777,40,0,3520,1972-02-27,1,0,0,0,0,0,0,,8,0,0,0,1
"16-AL-20",2012-02-28,0,777,777,777,0,0,0,777,777,777,39,1,3070,1980-01-26,1,0,0,0,0,0,0,,4,0,0,0,1
"90-MP-02",2011-05-05,0,777,777,777,0,0,0,777,777,777,40,0,4160,1970-07-01,0,0,0,1,0,0,0,,5,0,1,0,1
"11-DS-09",2012-04-24,2,777,777,777,0,0,0,777,777,777,36,1,1840,1978-08-17,1,0,0,0,0,0,0,,5,1,0,0,1
"09-HV-89",2012-03-02,0,777,777,0,0,0,0,777,777,777,37,0,2470,1979-03-23,0,0,0,0,0,0,1,"Mixed",3,1,1,0,1
"93-PN-83",2011-01-13,1,777,777,0,0,0,0,777,777,777,36,0,5082,1985-04-11,0,0,0,0,0,1,0,,8,0,0,0,1
"66-HG-89",2012-02-06,0,777,777,777,0,0,0,0,777,777,41,1,3395,1979-08-10,0,0,0,0,1,1,0,,8,0,0,0,1
"07-FQ-37",2011-06-14,0,777,777,777,0,0,0,777,777,777,38,0,3380,1979-09-17,1,0,0,0,0,0,0,,5,0,0,0,1
"35-OE-82",2011-11-04,0,777,777,0,0,0,0,777,777,0,39,0,3566,1974-01-01,1,0,0,0,0,0,0,,7,0,1,0,1
"61-QG-82",2011-05-05,1,777,777,2,0,0,0,,,,38,0,3630,1993-06-08,0,0,0,0,0,1,0,,8,0,0,0,1
"56-AY-41",2011-08-29,0,0,0,1,0,0,0,777,777,777,38,0,2845,1982-08-28,1,0,0,1,0,0,0,,8,0,0,0,1
"27-TS-34",2010-11-29,1,777,777,0,0,0,0,777,777,777,38,1,3465,1973-06-01,1,0,0,0,0,0,0,,8,0,0,0,1
"56-IF-10",2011-11-24,0,777,777,0,,,,,,,39,1,3292,1983-11-18,1,0,0,0,0,0,0,,8,0,0,0,1
"35-IN-29",2012-02-21,1,777,777,777,0,0,0,777,777,777,39,0,3245,1986-05-01,1,0,0,0,0,0,0,,8,0,0,0,1
"42-IT-52",2012-04-26,0,777,777,777,0,0,0,777,777,777,40,0,4850,1978-09-07,1,0,0,0,0,0,0,,4,0,0,0,1
"84-KA-60",2010-10-27,1,777,777,777,0,0,0,777,777,777,38,0,3015,1987-06-25,0,0,0,1,0,0,0,,7,0,0,0,1
"37-SM-98",2012-03-05,1,777,777,777,0,0,0,777,777,777,40,0,3720,1985-11-02,0,0,1,0,1,0,0,,8,0,0,0,1
"85-AL-10",2011-02-04,0,999,888,999,,,,,,,,1,2745,1981-01-19,1,0,0,0,0,0,0,,4,0,0,0,1
"03-NE-28",2011-01-27,1,777,777,0,0,0,0,777,777,777,40,0,3538,1980-05-07,0,0,0,0,1,0,0,,6,0,0,0,1
"39-KU-34",2012-01-17,0,777,777,777,0,0,0,777,777,777,41,1,3590,1983-08-06,0,0,0,1,0,0,0,,7,0,0,0,1
"68-AJ-70",2011-05-11,0,777,777,777,0,0,0,777,777,777,36,0,2650,1975-07-07,1,0,0,0,0,0,0,,5,0,0,0,1
"09-DC-80",2012-03-14,0,777,777,777,0,0,0,,888,,39,0,3570,1980-07-22,0,0,0,0,0,0,1,"Turkish",4,0,0,,1
"90-KO-94",2012-06-28,2,0,777,777,0,0,0,777,777,777,39,1,3070,1978-08-31,1,0,0,0,0,0,0,,5,0,0,0,1
"43-GB-00",2011-11-16,0,777,777,777,0,0,0,777,777,777,40,1,3715,1982-12-01,1,0,0,0,0,0,0,,5,0,0,0,1
"73-FB-92",2012-02-09,0,777,777,0,0,0,0,777,777,0,38,0,2491,1976-05-28,1,0,0,0,0,0,0,,8,0,0,0,1
"50-PJ-69",2011-08-19,1,1,777,777,0,0,0,777,777,777,41,1,3796,1984-08-12,1,0,0,0,0,0,0,,3,,0,0,1
"83-EL-36",2011-08-05,1,777,777,777,0,0,0,777,777,777,39,1,3725,1978-03-14,1,0,0,0,0,0,0,,7,0,0,1,1
"04-CD-66",2011-05-12,0,777,777,777,,,,777,777,777,41,0,3365,1975-09-05,1,0,0,0,0,0,0,,7,0,0,0,1
"24-FM-98",2011-12-06,2,777,777,777,0,0,0,777,777,777,40,0,2900,1984-08-29,1,0,0,0,0,0,0,,4,0,0,0,1
"37-GE-39",2011-10-24,1,777,777,777,,,,,,,40,1,3586,1978-12-21,1,0,0,0,0,0,0,,7,0,0,1,1
"85-PR-12",2012-02-14,0,777,777,777,,,,,,,40,1,3108,1984-09-21,1,0,0,0,0,0,0,,5,0,0,0,1
"51-CR-86",2011-03-21,0,777,777,0,0,0,0,777,777,777,38,1,2835,1984-02-21,1,0,0,0,0,0,0,,7,0,0,0,1
"33-GA-63",2011-04-18,0,777,777,0,0,0,0,777,777,777,38,1,3160,1977-06-02,1,0,0,0,0,0,0,,8,0,0,0,1
"97-FO-86",2011-02-22,1,777,777,777,0,0,0,0,777,777,40,1,3855,1977-05-07,0,0,0,0,1,0,0,,6,,0,0,1
"01-KL-15",2011-09-07,0,777,777,0,0,0,0,777,777,777,40,1,3400,1984-02-15,1,0,0,0,0,0,0,,8,0,0,0,1
"11-EK-05",2012-05-23,0,777,777,777,0,0,0,777,777,777,39,1,3075,1983-01-20,0,0,0,0,1,0,0,,7,0,0,0,1
"07-CC-98",2011-07-27,1,777,777,777,0,0,0,777,777,777,39,0,4006,1985-11-10,1,0,0,0,0,0,0,,8,0,0,0,1
"32-GY-07",2011-04-12,0,777,0,777,0,0,0,777,777,777,40,0,3263,1981-04-28,1,0,0,0,0,0,0,,8,0,0,0,1
"92-QY-83",2010-08-04,1,777,777,3,0,0,0,777,777,777,39,0,3310,1983-04-30,0,0,0,1,0,0,1,"Arab",8,0,0,0,1
"07-AO-02",2010-07-08,0,777,777,777,0,0,0,777,777,777,39,1,3500,1980-06-04,0,0,0,0,1,0,0,,7,0,0,0,1
"85-JN-42",2011-04-05,0,777,777,777,0,0,0,777,777,777,39,1,3230,1977-05-03,0,0,0,1,0,0,1,"Arab",8,0,0,0,1
"44-HF-67",2011-10-27,1,777,777,0,0,0,0,777,777,777,39,1,3310,1975-11-27,0,0,1,0,0,0,0,,6,0,0,0,1
"97-SM-40",2012-02-01,0,777,777,0,0,0,0,777,777,777,41,1,3077,1982-01-12,0,0,1,1,0,0,0,,8,0,0,0,1
"14-FU-96",2011-09-13,1,0,777,777,0,0,0,0,777,777,38,0,2670,1982-06-29,1,0,0,0,0,0,1,"Jewish",7,1,0,0,1
"30-LR-12",2012-05-25,1,777,777,777,0,0,0,777,777,777,38,1,3010,1981-04-26,0,0,0,0,0,1,0,,4,0,1,0,1
"62-LJ-38",2012-03-09,0,777,777,0,0,0,0,777,777,777,40,1,3060,1974-05-10,0,0,1,0,0,0,0,,8,0,0,0,1
"21-WH-41",2011-06-17,1,777,777,777,0,0,0,777,777,777,37,0,2635,1982-11-04,0,0,0,0,0,0,1,"Arab",5,1,0,0,1
"62-ED-84",2011-04-12,0,888,888,888,0,0,0,777,777,777,37,0,3110,1991-04-09,0,0,0,1,0,0,0,,8,0,0,0,1
"23-YE-99",2012-01-26,1,777,777,777,0,0,0,777,777,777,39,1,4175,1977-02-25,1,0,0,0,0,1,0,,8,0,0,0,1
"61-BI-98",2012-06-05,0,777,777,777,0,0,0,777,777,777,36,1,3590,1970-01-20,1,0,0,0,0,0,1,"Arab",6,0,0,0,1
"99-BF-85",2012-05-02,1,777,777,0,0,0,0,777,777,777,39,0,4043,1981-04-03,1,0,0,0,0,0,0,,8,0,0,0,1
"20-QT-47",2012-05-10,1,0,777,777,0,0,0,777,777,777,40,1,3545,1982-05-20,1,0,0,0,0,0,0,,3,0,1,0,1
"70-FM-48",2012-03-27,0,777,777,777,0,0,0,777,777,777,40,0,3535,1978-02-23,0,0,0,0,1,0,0,,7,0,1,0,1
"22-AF-39",2011-05-25,1,777,777,777,0,0,0,777,777,777,39,0,2850,1974-02-21,0,0,0,0,0,0,1,"Persian",3,0,0,0,1
"41-GE-52",2010-08-17,1,777,777,2,0,0,0,777,777,777,38,0,3250,1974-10-28,0,0,0,0,0,0,1,"Jewish",7,0,0,0,1
"21-ZX-68",2011-01-13,0,777,777,777,0,0,0,777,777,777,38,1,4460,1979-03-04,1,0,0,0,0,1,0,,7,0,1,0,1
"05-QF-25",2011-04-12,0,777,777,777,0,0,0,777,777,777,39,0,3980,1985-05-06,1,0,0,0,0,0,0,,5,0,0,0,1
"18-WG-60",2011-10-17,2,777,777,777,0,0,0,777,777,777,35,0,1840,1974-03-08,0,0,0,0,1,0,0,,8,0,0,0,1
"58-OK-33",2011-10-03,1,777,777,2,0,0,0,777,777,777,39,1,3735,1981-11-04,1,0,0,0,0,0,0,,4,0,0,0,1
"15-GM-59",2012-05-24,1,777,777,777,0,0,0,777,777,777,39,1,3490,1981-08-14,0,0,0,0,0,0,1,"Arab",7,0,0,1,1
"22-WN-08",2012-02-07,1,777,777,0,0,0,0,777,777,0,39,0,3295,1985-08-29,0,0,1,0,0,0,0,,8,0,0,0,1
"55-QD-05",2012-02-27,0,777,777,777,0,0,0,777,777,777,37,0,2955,1981-07-03,1,0,0,0,0,0,0,,,0,0,0,1
"15-AS-29",2012-05-18,1,777,777,777,0,0,0,777,777,0,40,0,3150,1983-11-21,0,0,0,0,1,0,0,,5,0,0,0,1
"45-LD-29",2012-06-20,1,777,777,777,0,0,0,777,777,777,38,1,3253,1985-06-24,1,0,0,0,0,0,0,,7,1,0,0,1
"80-FF-89",2010-05-25,1,777,777,0,0,0,0,777,777,777,38,1,2966,1985-08-18,1,0,0,0,0,0,0,,4,0,0,0,1
"83-MT-26",2012-06-28,1,777,0,777,0,0,0,777,777,777,41,0,3595,1981-09-04,1,0,0,0,0,0,0,,8,0,0,0,1
"45-VX-70",2012-02-17,1,777,777,777,0,0,0,777,777,777,41,1,3760,1984-09-01,0,0,0,1,0,0,0,,4,1,0,0,1
"05-NF-31",2011-06-13,1,777,777,0,0,0,0,777,777,777,38,1,3044,1979-12-20,0,0,1,0,0,0,0,,4,0,0,0,1
"77-OE-46",2011-05-31,0,777,777,777,0,0,0,777,777,777,39,0,3750,1967-05-10,1,0,0,0,0,0,0,,4,0,0,0,1
"00-NI-10",2010-08-23,1,777,777,777,,,,,,,38,0,3210,1967-11-11,1,0,0,0,0,0,0,,8,,0,0,1
"27-BR-17",2010-08-06,1,777,777,777,0,0,0,777,777,0,39,1,4180,1966-11-20,0,0,0,0,1,0,0,,7,0,0,0,1
"64-IT-51",2011-06-07,0,777,777,777,0,0,0,777,777,777,40,1,3695,1984-08-27,1,0,0,0,0,0,0,,8,0,0,0,1
"33-QQ-28",2011-08-10,0,777,777,777,0,0,0,777,777,777,40,1,3820,1974-11-11,1,0,0,0,0,0,0,,7,0,0,0,1
"39-BZ-72",2011-11-29,0,777,777,777,0,0,0,777,777,777,40,1,3615,1983-07-09,1,0,0,0,0,0,0,,5,0,0,1,1
"81-ZW-34",2011-12-12,1,777,777,777,0,0,0,777,777,777,40,1,3540,1983-04-21,1,0,0,0,0,0,0,,7,0,0,0,1
"10-QC-62",2012-04-10,1,777,777,777,0,0,0,777,777,777,39,0,3410,1976-10-31,1,0,0,0,0,0,0,,7,0,0,0,1
"52-DC-00",2010-10-28,1,777,777,0,0,0,0,777,777,777,38,1,2870,1983-03-03,0,0,0,0,0,0,1,"Jewish",6,0,0,0,1
"86-JW-44",2012-08-30,0,777,777,777,0,0,0,777,777,777,38,0,3998,1971-03-08,1,0,0,0,0,0,0,,8,0,0,0,1
"71-MY-10",2011-12-02,1,777,777,0,0,0,0,777,777,777,41,1,3670,1984-10-29,0,0,0,1,0,0,0,,7,0,1,0,1
"53-XQ-63",2010-06-16,1,777,777,777,0,0,0,777,777,777,38,1,3230,1980-10-01,0,1,0,0,0,0,0,,5,0,0,0,1
"20-CV-31",2011-12-01,0,777,777,0,0,0,0,777,777,777,37,1,2464,1982-07-09,1,0,0,1,0,0,0,,7,0,0,0,1
"71-ED-49",2011-08-25,1,777,777,0,0,0,0,777,777,777,40,1,3970,1977-01-15,1,0,0,0,0,0,0,,8,0,0,0,1
"54-DR-14",2010-11-30,0,777,777,777,0,0,0,777,777,777,38,0,4782,1972-07-30,1,0,0,0,0,0,0,,,0,0,1,1
"11-QV-23",2011-11-09,0,0,777,777,0,0,0,0,777,777,41,1,4250,1985-04-01,0,0,1,1,0,0,0,,5,0,0,0,1
"49-YH-77",2010-12-07,2,777,777,1,0,0,0,777,777,777,38,1,2895,1981-11-02,0,0,0,0,0,0,1,"Turkish",,0,0,0,1
"42-RG-20",2012-06-22,1,777,777,888,0,0,0,777,777,0,41,1,3025,1980-12-13,0,0,1,0,0,0,0,,3,0,0,0,1
"29-QR-14",2010-11-25,1,777,777,777,888,888,888,777,777,777,34,0,2425,1984-02-28,0,0,0,0,0,0,1,"Turkish",7,0,1,0,1
"05-MP-61",2011-05-24,1,777,777,1,0,0,0,777,777,0,38,0,3690,1985-07-09,1,0,0,0,0,0,0,,6,1,0,1,1
"91-BL-22",2011-01-31,1,777,777,777,0,0,0,777,777,777,40,0,3015,1978-07-21,0,0,0,1,0,0,0,,6,1,0,0,1
"48-XF-58",2011-02-15,1,888,888,888,0,0,0,777,777,777,40,1,4220,1982-10-12,1,0,0,0,0,0,0,,8,0,0,0,1
"62-MF-35",2012-04-23,1,777,777,777,0,0,0,777,777,777,38,0,3498,1975-05-24,0,0,0,1,0,0,0,,5,0,0,0,1
"40-ZS-42",2011-10-17,1,777,777,777,0,0,0,777,777,777,39,1,3990,1985-04-07,1,0,0,0,0,0,0,,3,0,,,1
"75-PF-12",2012-03-26,1,777,777,0,,,,,,,40,1,3720,1978-07-14,1,0,0,0,0,0,0,,7,0,0,0,1
"38-YU-07",2011-08-18,1,777,777,777,0,0,0,777,777,0,40,0,3074,1981-10-25,1,0,0,0,0,0,0,,3,0,0,0,1
"96-FZ-26",2011-12-14,0,777,777,0,0,0,0,777,777,0,,0,4200,1975-07-11,0,0,0,1,0,0,0,,8,0,0,0,1
"30-JO-11",2010-11-30,1,777,777,777,0,0,0,777,777,0,38,0,3270,1980-07-16,0,0,0,0,0,0,1,"Persian",8,0,0,0,1
"69-VW-89",2012-02-20,3,777,777,777,0,0,0,777,777,777,37,0,2570,1984-09-06,0,0,0,0,0,0,1,"Arab",8,0,0,0,1
"71-UM-93",2011-08-10,1,777,0,777,0,0,0,777,777,777,38,0,3610,1974-08-15,1,0,0,0,0,0,0,,2,0,0,0,1
"13-YQ-10",2011-01-18,0,777,777,777,,,,,,,39,0,3510,1978-12-26,1,0,0,0,0,0,0,,8,0,0,0,1
"39-QV-32",2011-06-23,2,777,777,0,0,0,0,777,777,777,40,0,3520,1975-04-27,0,0,0,0,1,0,0,,7,1,0,0,1
"80-VM-18",2011-04-07,1,777,777,777,0,0,0,777,777,777,38,0,3605,1978-10-29,1,0,0,0,0,0,0,,8,0,0,0,1
"54-AM-14",2012-03-28,0,777,777,777,0,0,0,777,777,777,39,1,3370,1974-03-28,1,0,0,0,0,0,0,,7,0,0,0,1
"41-LA-46",2010-09-27,0,777,777,777,,,,,,,39,0,3538,1979-10-06,0,1,1,0,0,0,0,,6,0,0,0,1
"82-SV-91",2010-11-23,1,777,777,0,0,0,0,777,777,777,39,1,3694,1975-06-04,1,0,0,0,0,0,0,,7,0,0,0,1
"29-LD-87",2011-04-19,1,777,777,777,0,0,0,,,,41,1,3770,1974-06-24,1,0,0,0,0,0,0,,8,0,0,0,1
"45-MQ-30",2010-10-28,0,777,777,777,0,0,0,777,777,777,37,0,3819,1980-06-18,1,0,0,0,0,0,0,,2,0,0,0,1
"01-CN-84",2011-12-14,0,777,777,777,0,0,0,777,777,777,38,1,4460,1975-07-04,0,0,0,0,1,1,0,,8,0,0,0,1
"41-GT-01",2012-05-25,0,777,777,777,,,,,,,35,0,2658,1978-03-18,1,0,0,0,0,0,0,,7,1,0,0,1
"69-MZ-37",2011-03-01,0,777,777,777,0,0,0,777,777,777,39,1,3620,1972-10-07,0,0,1,0,0,0,0,,3,0,0,0,1
"66-SC-64",2011-02-09,8,0,777,777,0,0,0,777,777,777,41,0,4139,1977-01-21,0,0,0,0,0,1,0,,5,1,0,0,1
"03-CA-92",2010-06-07,1,777,777,777,0,0,0,777,777,777,39,1,3475,1975-09-16,1,0,0,0,0,0,0,,8,0,0,0,1
"87-TZ-95",2012-03-20,0,777,777,1,0,0,0,0,777,777,40,0,4420,1980-01-10,1,0,0,0,0,0,0,,7,0,0,0,1
"23-LQ-49",2011-09-01,1,0,777,777,0,0,0,777,777,777,39,1,3239,1971-03-10,0,0,0,0,0,1,0,,8,0,0,0,1
"76-TB-59",2011-05-25,0,777,1,777,0,0,0,0,777,777,39,1,3195,1974-07-04,1,0,0,0,0,0,0,,6,0,0,0,1
"95-UZ-94",2011-05-27,0,777,777,0,0,0,0,777,777,0,40,1,3470,1975-05-13,1,0,0,0,0,0,0,,8,0,0,0,1
"09-JC-25",2012-01-30,0,777,777,777,0,0,0,777,777,777,41,0,3560,1979-06-10,1,0,0,0,0,0,0,,2,0,0,0,1
"52-KS-95",2012-02-06,0,777,777,777,0,0,0,777,777,777,42,0,3395,1981-07-09,1,0,0,0,0,0,0,,8,,0,0,1
"08-KI-26",2010-08-23,1,777,777,777,888,888,888,777,0,777,40,0,3935,1987-01-17,1,0,0,0,0,0,0,,7,0,0,0,1
"60-GZ-05",2012-03-02,1,777,777,0,0,0,0,777,777,777,36,0,5082,1987-07-05,1,0,0,0,0,0,0,,7,0,0,0,1
"37-NQ-78",2010-05-26,1,0,777,777,0,0,0,777,777,777,38,1,3452,1974-08-18,1,0,0,0,0,0,0,,7,0,0,0,1
"35-OS-32",2012-06-27,2,777,777,0,,,,,,,38,1,3650,1983-05-24,0,0,1,0,0,0,0,,7,0,0,0,1
"30-IR-61",2011-07-06,1,777,777,0,0,0,0,777,777,0,39,1,3605,1980-10-06,1,0,0,0,0,0,0,,7,0,1,0,1
"30-OD-82",2012-05-30,0,777,777,777,0,0,0,777,777,777,38,0,3943,1970-11-23,0,0,0,0,0,0,1,"Arab",7,0,0,0,1
"79-FA-54",2011-03-10,1,777,777,777,0,0,0,,,,39,1,3246,1979-01-10,1,0,0,0,0,0,0,,3,0,0,0,1
"45-NH-61",2010-09-22,0,777,777,0,0,0,0,777,777,0,38,0,2355,1980-01-20,0,0,0,0,1,0,0,,4,0,0,0,1
"87-TT-24",2012-05-16,1,777,777,1,0,0,0,0,777,777,41,0,3800,1979-04-06,1,0,0,0,0,0,0,,3,0,0,0,1
"14-JS-49",2011-05-18,0,777,777,777,0,0,0,777,777,777,40,1,3780,1981-12-05,1,0,0,0,0,0,0,,8,0,0,0,1
"41-SH-02",2011-08-25,1,0,777,777,0,0,0,777,777,777,38,1,3630,1974-01-10,0,0,0,1,0,0,0,,6,0,0,0,1
"61-DT-36",2011-11-14,0,777,777,777,0,0,0,777,777,777,39,1,3950,1986-06-05,1,0,0,0,0,0,0,,8,0,0,0,1
"08-YY-94",2011-03-29,0,777,777,777,0,0,0,777,777,777,35,0,3020,1975-03-17,1,0,0,0,0,0,0,,8,0,0,0,1
"46-UU-34",2012-05-30,0,777,777,777,0,0,0,777,777,777,39,0,3410,1984-09-26,0,1,0,0,0,0,0,,5,0,0,0,1
"00-EX-93",2011-04-18,1,777,777,0,0,0,0,777,777,777,41,0,4030,1984-05-01,1,0,0,0,0,0,0,,6,0,0,0,1
"16-AU-78",2010-08-16,1,777,777,777,0,0,0,777,777,777,39,1,2900,1973-04-27,1,0,0,0,0,0,0,,6,1,0,0,1
"15-LU-67",2011-12-01,0,777,777,777,0,0,0,777,777,777,39,1,3440,1973-03-23,1,0,0,0,0,0,0,,8,0,0,0,1
"40-SO-67",2011-09-26,0,777,777,777,0,0,0,777,777,777,38,1,3015,1987-07-04,0,0,0,0,1,0,0,,7,0,0,0,1
"14-AC-59",2010-12-14,1,777,777,777,0,0,0,777,777,777,38,1,3506,1975-05-26,1,0,0,0,0,0,0,,3,0,1,0,1
"14-FP-64",2010-11-02,1,777,777,0,0,0,0,777,777,0,41,0,3460,1984-01-27,1,0,0,0,0,0,0,,2,0,0,0,1
"48-IL-09",2010-10-07,1,777,777,0,0,0,0,777,777,777,39,0,3295,1984-06-14,1,0,0,0,0,0,0,,6,0,1,0,1
"10-TU-43",2010-07-23,1,888,888,888,0,0,0,,,,32,0,1930,1979-01-16,0,0,0,1,0,0,0,,7,0,0,0,1
"67-KX-60",2010-08-18,0,777,777,777,0,0,0,777,777,777,38,0,2755,1977-08-01,1,0,0,0,0,0,0,,8,0,0,0,1
"19-JN-15",2011-09-23,1,777,777,0,0,0,0,777,777,777,40,1,4440,1978-01-31,1,0,0,0,0,0,0,,7,0,1,0,1
"55-TM-94",2010-10-29,1,777,777,777,0,0,0,777,777,0,41,1,3877,1976-06-16,1,0,0,0,0,0,0,,6,0,0,0,1
"31-EX-96",2011-03-14,1,777,777,0,0,0,0,777,777,777,39,1,2690,1979-11-04,0,0,0,0,0,0,1,"Jewish",8,0,0,0,1
"57-LV-02",2010-11-03,1,777,777,777,888,888,888,777,777,777,40,1,3152,1982-02-27,0,0,0,0,1,0,0,,7,0,0,0,1
"52-HG-77",2011-12-16,1,777,777,0,0,0,0,777,777,777,39,1,3410,1974-11-04,1,0,0,0,0,0,0,,7,0,0,0,1
"64-XQ-78",2010-11-04,1,777,777,777,0,0,0,777,777,777,37,0,2380,1972-12-19,1,0,0,0,0,0,0,,2,0,0,0,1
"77-DV-78",2011-11-03,0,999,999,0,0,0,0,777,777,0,38,1,3450,1982-10-13,1,0,0,0,0,0,0,,6,0,0,0,1
"19-CG-72",2012-05-02,1,777,777,777,0,0,0,777,777,777,40,0,3570,1974-05-24,1,0,0,0,0,0,0,,7,0,0,0,1
"84-IP-07",2011-07-19,1,777,777,0,0,0,0,777,777,777,38,0,3250,1981-02-15,1,0,0,0,0,0,0,,7,0,0,0,1
"23-OL-25",2010-10-13,1,777,777,777,0,0,0,777,777,777,40,0,3260,1984-06-11,0,0,1,0,0,0,0,,5,0,0,0,1
"73-GV-71",2012-05-09,1,777,777,1,0,0,0,777,777,777,38,1,3166,1975-08-12,,,,,,,,,3,0,0,1,1
"34-QA-07",2012-05-23,0,777,777,777,0,0,0,777,777,777,38,0,3730,1971-02-10,0,0,0,1,1,0,0,,8,0,0,0,1
"76-OM-90",2012-03-13,1,777,777,777,0,0,0,777,777,777,38,1,3870,1980-09-16,0,0,0,1,0,0,0,,6,0,0,0,1
"15-HG-03",2011-05-11,1,0,777,777,999,888,888,777,777,0,40,0,4315,1975-01-08,1,0,0,0,0,0,0,,7,0,0,0,1
"07-WF-09",2012-03-07,0,777,777,777,0,0,0,777,777,777,39,0,3440,1976-04-21,1,0,0,0,0,0,0,,8,0,0,0,1
"99-EB-93",2012-01-09,1,777,777,1,0,0,0,777,777,777,40,0,4040,1988-06-21,1,0,0,0,0,0,0,,2,0,0,0,1
"80-EW-16",2010-09-02,1,777,777,777,0,0,0,777,777,777,39,0,3390,1983-05-25,0,0,0,0,0,0,1,"Persian",5,0,0,,1
"26-LG-81",2011-01-25,0,777,777,4,0,0,0,777,777,777,39,1,3525,1990-03-04,0,0,0,1,0,0,0,,5,0,0,0,1
"06-YI-90",2010-10-27,0,777,777,777,0,0,0,777,777,777,41,1,3805,1974-09-06,0,0,0,0,1,0,0,,,0,1,0,1
"30-XJ-88",2011-12-15,1,777,777,777,0,0,0,777,777,777,40,0,3375,1979-09-09,0,0,0,0,1,0,0,,8,0,0,0,1
"52-LX-05",2011-02-28,0,777,777,777,0,0,0,777,777,777,41,0,3600,1976-09-15,0,0,0,0,0,0,1,"Turkish",7,0,0,1,1
"71-VF-13",2011-10-26,0,777,777,777,0,0,0,777,777,777,41,0,3760,1975-04-15,1,0,0,0,0,0,0,,5,0,0,0,1
"65-XU-24",2011-10-14,0,777,777,0,0,0,0,777,0,777,39,1,3100,1979-06-27,1,0,0,0,0,0,0,,8,0,0,0,1
"85-BT-32",2012-06-08,0,777,777,0,0,0,0,777,777,777,37,0,2660,1980-01-14,1,0,0,0,0,1,0,,5,0,0,0,1
"46-FD-75",2011-08-05,1,777,777,0,0,0,0,777,0,777,38,1,3015,1977-01-14,1,0,0,0,0,0,0,,8,0,0,0,1
"60-TB-66",2012-03-14,1,777,777,0,0,0,0,777,777,0,36,1,2705,1980-01-21,1,0,0,0,0,0,0,,4,0,0,0,1
"23-AK-84",2011-06-05,0,777,777,777,0,0,0,777,777,777,40,1,3720,1973-07-31,1,0,0,0,0,0,0,,8,0,0,0,1
"18-XC-45",2012-03-07,0,777,777,777,0,0,0,777,777,777,40,1,3390,1972-10-07,0,0,0,1,0,0,0,,4,1,0,0,1
"61-LV-49",2012-04-26,1,777,777,777,0,0,0,777,777,777,38,1,3090,1982-06-23,0,0,0,0,1,0,0,,8,0,0,0,1
"13-UU-26",2012-07-03,0,777,777,777,0,0,0,777,777,777,40,0,3485,1977-10-17,1,0,0,0,0,0,0,,3,0,0,0,1
"37-ML-55",2012-07-20,1,777,777,777,,,,777,777,777,39,0,3506,1977-04-14,1,0,0,0,0,0,0,,8,0,0,0,1
"11-CD-99",2011-04-28,1,0,777,777,0,0,0,,,,38,0,2965,1979-06-22,1,0,0,0,0,0,0,,6,,0,0,1
"50-MZ-05",2011-03-22,0,777,777,777,0,0,0,0,777,777,38,0,3540,1979-11-06,1,0,0,0,0,0,0,,5,0,0,0,1
"08-MN-32",2010-11-03,0,777,777,777,0,0,0,777,0,0,41,1,3870,1977-07-11,1,0,0,0,0,0,0,,3,0,0,0,1
"35-YL-24",2012-05-30,0,777,777,777,0,0,0,777,777,777,36,1,2840,1968-01-25,1,0,0,0,0,0,0,,5,0,0,0,1
"03-NX-61",2012-06-05,0,777,777,0,0,0,0,0,777,777,41,1,3458,1977-02-18,1,0,0,0,0,0,0,,7,0,0,0,1
"52-DY-80",2011-07-04,1,0,777,777,0,0,0,777,777,777,39,1,3572,1980-10-28,0,0,1,0,0,0,0,,4,0,0,0,1
"20-AV-37",2011-03-31,0,777,777,777,0,0,0,777,777,777,40,0,3855,1978-07-13,1,0,0,0,0,0,0,,5,0,0,0,1
"31-ZZ-01",2012-02-08,0,777,777,777,0,0,0,777,777,777,39,1,3520,1983-01-31,1,0,0,0,0,0,0,,3,0,0,0,1
"31-JN-59",2011-01-20,1,777,777,777,0,0,0,777,777,777,39,0,3585,1981-04-05,1,0,0,0,0,0,0,,8,0,0,0,1
"08-ML-01",2012-06-06,1,777,777,777,0,0,0,,,,27,0,960,1983-08-12,1,0,0,0,0,0,0,,8,0,0,0,1
"65-UT-46",2012-05-01,2,777,777,777,0,0,0,777,777,777,35,0,2565,1985-01-19,1,0,0,0,0,0,0,,6,1,0,0,1
"71-EM-13",2012-06-14,1,777,777,0,0,0,0,777,777,777,41,0,3470,1987-08-12,1,0,0,0,0,0,0,,3,0,0,0,1
"18-QV-04",2010-07-08,1,777,0,777,0,0,0,777,777,777,39,1,3935,1983-04-26,0,0,0,0,0,0,1,"Arab",6,0,0,0,1
"46-BQ-20",2012-03-19,1,777,777,777,0,0,0,777,777,0,41,0,3225,1970-08-16,1,0,0,0,0,0,0,,7,1,0,0,1
"97-SE-66",2012-06-04,0,777,777,777,0,0,0,777,777,777,38,1,2920,1983-08-14,0,0,0,0,0,0,1,"Mixed",4,0,0,0,1
"08-WF-95",2011-10-03,0,777,777,1,0,0,0,777,777,777,39,1,3308,1973-07-22,0,0,0,0,1,0,0,,8,0,0,0,1
"11-NJ-04",2012-05-30,1,777,777,1,0,0,0,777,777,777,40,0,3600,1971-01-19,1,0,0,0,0,0,0,,4,0,1,0,1
"87-PE-87",2011-09-13,0,777,777,777,0,0,0,777,0,0,40,0,4070,1980-11-20,1,0,0,0,0,0,0,,4,0,0,0,1
"20-VM-50",2011-07-18,1,777,777,0,0,0,0,777,777,777,40,1,3920,1980-12-14,0,0,0,1,0,0,0,,7,0,0,0,1
"32-LF-61",2011-11-18,1,777,777,0,0,0,0,777,777,777,39,1,2840,1983-06-25,1,0,0,0,0,0,0,,3,0,0,0,1
"11-YW-80",2012-05-30,1,777,777,0,0,0,0,0,777,777,39,1,3370,1972-05-28,0,0,0,0,1,0,0,,6,0,0,0,1
"58-HG-54",2011-07-14,1,777,777,0,0,0,0,777,777,777,39,0,3420,1983-12-18,0,0,0,0,1,0,0,,8,0,0,0,1
"83-FH-41",2011-04-27,0,777,777,777,0,0,0,0,777,777,39,0,4110,1977-03-03,1,0,0,0,0,0,0,,8,0,0,0,1
"72-IP-89",2011-01-10,1,777,777,0,0,0,0,777,777,777,40,1,3680,1980-06-25,1,0,0,0,0,0,0,,4,0,0,0,1
"62-XE-02",2010-12-13,2,777,777,777,,,,,,,39,0,3100,1987-07-21,1,0,0,0,0,0,0,,8,0,0,0,1
"59-UR-51",2012-04-27,0,777,777,777,0,0,0,777,777,777,40,1,3505,1982-12-06,0,0,0,1,1,0,0,,8,,0,0,1
"35-LA-73",2012-01-12,1,777,777,0,0,0,0,777,777,0,41,0,3295,1981-08-28,1,0,0,0,0,0,0,,7,0,0,0,1
"43-XL-49",2012-06-04,0,777,777,777,0,0,0,777,777,777,33,1,2560,1983-11-13,1,0,0,0,0,0,0,,3,0,1,0,1
"58-WS-19",2012-03-20,0,0,777,777,0,0,0,777,777,777,39,0,3430,1981-01-11,0,1,0,0,0,1,0,,8,0,0,0,1
"32-RB-94",2010-10-08,0,777,777,777,0,0,0,777,777,777,39,0,3862,1981-10-28,,,,,,,,,8,0,0,,1
"51-ZT-06",2012-05-24,1,777,777,0,0,0,0,777,777,777,39,0,3200,1983-12-05,1,0,0,0,0,0,0,,5,0,0,0,1
"23-HX-21",2012-03-19,1,777,777,777,0,0,0,777,777,777,40,0,3255,1976-05-24,1,0,0,0,0,0,0,,4,0,0,0,1
"55-EK-37",2010-12-02,1,0,777,777,0,0,0,0,777,777,40,0,3200,1982-03-13,1,0,0,0,0,0,0,,,0,,0,1
"38-GB-16",2011-12-19,1,777,777,777,0,0,0,777,777,777,39,1,3615,1984-07-08,1,0,0,0,0,0,0,,4,0,1,0,1
"56-UV-46",2011-05-18,0,777,777,777,0,1,0,777,777,777,37,1,2715,1977-06-05,1,0,0,0,0,0,0,,8,0,0,,1
"89-EA-34",2010-05-26,0,777,777,0,,,,777,777,0,39,0,3100,1975-08-04,0,0,0,0,1,0,0,,8,0,0,0,1
"98-JM-75",2011-12-12,1,777,777,777,,,,,,,39,0,3825,1989-05-15,1,0,0,0,0,0,0,,3,0,0,0,1
"85-LF-49",2011-03-09,1,777,777,777,0,0,0,777,777,777,38,0,2952,1984-02-07,1,0,0,0,0,0,0,,6,1,0,0,1
"97-FA-32",2012-01-13,1,0,777,777,0,0,0,777,777,777,40,1,3445,1980-09-04,0,0,0,0,0,0,1,"Arab",4,0,0,0,1
"58-FO-22",2011-01-15,0,777,777,777,0,0,0,777,777,777,40,1,3936,1982-07-24,,,,,,,,,8,0,0,0,1
"05-ED-22",2011-11-03,1,777,777,777,0,0,0,777,777,0,39,1,2960,1975-08-19,0,0,0,1,0,0,0,,7,0,0,0,1
"73-QU-93",2012-05-17,1,777,777,0,0,0,0,777,777,0,40,1,3116,1980-03-01,0,0,0,0,1,0,0,,7,0,0,0,1
"70-EE-59",2012-02-23,1,777,777,3,0,0,0,777,777,777,41,1,2780,1978-09-06,1,0,0,0,0,0,0,,,0,0,0,1
"04-EH-40",2012-05-24,0,777,777,777,0,0,0,777,777,777,40,0,3715,1976-09-03,0,0,0,0,0,1,0,,8,0,0,0,1
"62-IV-74",2010-09-30,1,777,777,777,0,0,0,777,777,777,36,0,2592,1985-04-12,0,0,0,0,0,0,1,"Arab",8,0,0,0,1
"67-VS-08",2012-02-27,0,777,777,777,0,0,0,777,777,777,40,0,3430,1981-06-04,0,0,0,1,0,0,0,,7,0,1,0,1
"19-AQ-47",2011-12-22,0,777,777,777,0,0,0,777,777,777,39,0,3387,1990-01-29,1,0,0,0,0,0,0,,2,0,0,0,1
"54-HZ-98",2011-06-23,1,777,777,777,0,0,0,777,777,777,38,0,3870,1980-11-20,0,0,0,0,0,0,1,"Persian",7,0,0,0,1
"30-IX-51",2012-02-16,1,777,777,0,0,0,0,777,777,777,40,0,3116,1987-02-27,1,0,0,0,0,0,0,,7,1,0,0,1
"55-SF-57",2010-08-04,1,777,777,0,0,0,0,777,777,777,40,1,3490,1980-02-26,1,0,0,0,0,0,0,,8,0,0,0,1
"22-BU-32",2010-09-15,1,777,777,777,0,0,0,0,777,777,40,1,3620,1976-06-03,1,0,0,0,0,0,0,,8,0,0,0,1
"58-XS-92",2012-03-06,1,777,777,777,0,0,0,777,777,777,,,4200,1978-06-06,1,0,0,0,0,0,0,,3,1,0,0,1
"65-ST-96",2012-02-17,0,777,777,777,0,0,0,777,777,777,39,0,3780,1976-05-21,1,0,0,0,0,0,0,,7,0,0,0,1
"91-ZY-50",2011-04-15,0,777,777,777,0,0,0,777,777,777,37,1,3230,1976-08-20,1,0,0,0,0,0,0,,7,0,1,0,1
"46-ZX-75",2012-02-27,0,777,777,0,0,0,0,777,777,777,40,0,3630,1983-04-26,1,0,0,0,0,0,0,,8,0,0,0,1
"96-BG-82",2012-05-04,0,777,777,777,0,0,0,777,777,0,37,0,2615,1968-03-11,1,0,0,1,0,0,0,,7,0,0,0,1
"69-OM-35",2011-07-19,2,777,777,1,0,0,0,777,777,777,41,0,4490,1981-06-02,1,0,0,0,0,0,0,,7,0,0,0,1
"81-QS-40",2011-11-29,2,777,777,777,0,0,0,777,777,777,40,0,3103,1983-08-19,1,0,0,0,0,0,0,,8,0,0,0,1
"31-BA-23",2010-11-03,1,777,777,0,0,0,0,777,777,777,41,1,3100,1981-05-07,1,0,0,0,0,0,0,,8,0,0,0,1
"18-DN-07",2012-01-16,0,777,777,777,0,0,0,777,777,777,39,0,3155,1981-02-08,1,0,0,0,0,0,0,,3,0,0,0,1
"49-EJ-34",2012-02-01,0,777,777,0,0,0,0,777,777,0,40,0,3432,1975-09-18,1,0,0,0,0,0,0,,5,1,0,0,1
"85-KT-85",2012-03-26,1,777,777,0,0,0,0,777,777,777,38,0,3040,1978-09-15,1,0,0,0,0,0,0,,6,0,0,0,1
"19-AS-37",2012-04-04,1,777,777,0,,,,,,,40,1,3400,1984-02-20,0,0,0,0,0,0,1,"Mixed",7,0,0,0,1
"50-AS-60",2011-03-02,1,777,777,777,0,0,0,777,777,777,38,1,3443,1989-07-06,0,0,0,0,1,0,0,,3,0,0,,1
"84-AO-64",2011-01-27,1,777,777,777,0,0,0,777,777,777,40,0,3192,1983-12-18,1,0,0,0,0,0,0,,7,0,0,0,1
"43-JO-13",2010-08-06,1,777,777,0,0,0,0,777,777,0,39,0,2820,1980-12-04,1,0,0,0,0,0,0,,7,0,0,0,1
"99-SO-47",2011-08-11,2,777,777,777,0,0,0,777,777,777,38,1,2320,1985-12-10,1,0,0,0,0,0,0,,3,0,0,1,1
"14-MJ-01",2011-07-19,0,777,777,777,0,0,0,777,777,777,38,0,3430,1981-02-23,1,0,0,0,0,0,0,,8,0,0,,1
"36-YI-54",2011-09-27,1,777,777,0,0,0,0,777,777,777,37,0,2470,1985-06-22,1,0,0,0,0,0,0,,8,0,0,0,1
"03-ZB-23",2012-01-13,1,777,777,777,0,0,0,777,777,777,41,1,3710,1989-12-14,1,0,0,0,0,0,0,,7,0,0,0,1
"68-GN-89",2012-07-13,0,777,777,777,0,0,0,777,777,777,37,0,2706,1968-09-11,0,0,0,0,1,0,0,,8,0,0,0,1
"33-MJ-92",2010-09-01,1,777,777,0,0,0,0,777,777,888,41,1,3892,1980-04-16,1,0,0,0,0,0,0,,4,0,0,0,1
"35-ZF-43",2011-05-24,1,0,777,777,0,0,0,777,777,777,40,0,3825,1983-11-13,0,0,0,0,0,0,1,"Persian",7,1,,1,1
"57-MG-93",2010-11-18,1,777,777,0,0,0,0,777,777,777,40,0,3430,1981-07-17,1,0,0,0,0,0,0,,8,0,0,0,1
"91-UV-83",2010-08-16,0,777,777,777,0,0,0,777,777,777,39,0,4280,1983-05-31,1,0,0,0,0,0,0,,3,0,0,0,1
"20-HC-00",2011-12-08,1,777,777,777,0,0,0,777,777,777,39,1,3635,1982-07-25,0,0,1,0,0,0,0,,7,0,0,0,1
"30-NO-31",2010-11-16,0,777,777,777,0,0,0,777,777,777,39,1,3277,1984-02-28,0,0,0,0,0,0,1,"Turkish",8,0,0,0,1
"38-UD-32",2012-02-16,0,777,777,777,0,0,0,777,777,777,39,1,4040,1987-07-31,1,0,0,0,0,0,0,,7,1,0,0,1
"24-OV-75",2010-10-25,0,777,777,777,0,0,0,777,777,777,38,0,3660,1987-07-21,1,0,0,0,0,0,0,,,,0,0,1
"85-GE-97",2010-11-05,0,777,777,0,0,0,0,777,777,777,40,1,3192,1982-11-24,1,0,0,0,0,0,0,,7,0,1,0,1
"08-VL-72",2012-03-30,1,0,777,777,0,0,0,777,777,777,40,1,3558,1979-06-12,0,0,0,0,0,1,0,,7,0,0,0,1
"67-KH-08",2011-06-20,0,0,777,777,0,0,0,777,777,0,38,0,3690,1982-08-20,0,1,0,0,0,0,0,,7,0,0,0,1
"58-CN-98",2012-03-23,0,777,777,777,0,0,0,777,777,777,39,0,3225,1981-03-10,0,0,0,1,0,1,0,,7,0,0,0,1
"36-XM-37",2010-10-07,1,777,777,777,0,0,0,777,777,777,40,1,3344,1980-06-12,1,0,0,0,0,0,0,,5,1,1,0,1
"82-CP-31",2011-01-27,1,777,777,777,888,888,888,777,777,777,40,0,3527,1983-12-18,1,0,0,0,0,0,0,,7,0,0,0,1
"96-KO-11",2011-12-09,1,777,777,0,0,0,0,0,777,777,40,1,3030,1980-11-01,1,0,0,0,0,0,0,,2,0,0,0,1
"72-XI-56",2012-07-26,1,777,777,777,0,0,0,777,777,777,39,1,2900,1973-03-14,0,1,0,0,0,0,0,,4,,0,0,1
"74-GN-88",2012-04-23,1,777,777,777,0,0,0,777,777,777,37,1,2275,1984-07-30,1,0,0,0,0,0,0,,8,,0,0,1
"14-XJ-90",2010-12-07,1,777,777,1,0,0,0,777,777,777,39,1,3130,1981-06-29,1,0,0,0,0,0,0,,3,1,0,0,1
"78-SW-69",2012-05-31,0,777,777,777,0,0,0,777,777,777,39,1,2558,1976-06-28,1,0,0,0,0,0,0,,5,0,0,0,1
"18-DN-71",2011-01-13,1,777,777,777,0,0,0,777,777,777,40,0,2870,1978-03-14,1,0,0,0,0,0,0,,6,0,0,0,1
"16-JK-49",2012-02-29,0,777,777,777,0,0,0,777,777,777,40,1,3225,1987-11-05,0,0,0,0,0,0,1,"Turkish",4,0,0,0,1
"86-MX-69",2011-04-04,0,777,777,777,0,0,0,777,777,0,41,0,4139,1982-11-29,1,0,0,0,0,0,0,,7,1,0,0,1
"85-VW-42",2011-08-01,0,777,777,0,0,0,0,777,777,777,40,1,3202,1981-07-12,1,0,0,0,0,0,0,,5,0,0,0,1
"32-CZ-12",2011-10-04,0,777,777,0,0,0,0,777,777,777,39,0,3810,1977-06-28,1,0,0,0,0,0,0,,4,0,1,,1
"77-XI-74",2011-02-09,1,777,777,2,0,0,0,777,777,777,40,0,2891,1982-04-11,0,0,1,0,0,0,0,,,0,0,0,1
"49-BR-61",2011-11-16,0,777,777,777,0,0,0,777,777,777,39,0,3270,1974-09-30,1,0,0,0,0,0,0,,3,0,0,0,1
"13-SD-47",2011-08-31,0,777,0,777,0,0,0,777,777,777,39,0,3690,1972-08-25,1,0,0,0,0,0,0,,7,0,0,0,1
"91-VT-78",2011-03-31,0,0,777,777,0,0,0,777,777,777,40,0,3460,1973-08-08,0,0,0,1,0,0,0,,7,0,0,1,1
"60-QH-62",2011-12-07,1,777,777,777,0,0,0,777,777,777,40,1,3540,1981-11-20,0,1,0,0,0,0,0,,5,0,0,0,1
"59-ZA-70",2010-12-13,1,777,777,777,0,0,0,777,777,777,39,0,3150,1983-11-25,1,0,0,0,0,0,0,,,0,0,0,1
"21-FQ-93",2011-02-01,1,777,777,0,0,0,0,777,777,777,40,0,3775,1979-12-09,1,0,0,0,0,0,0,,7,0,1,0,1
"69-HK-44",2011-01-26,1,777,777,777,0,0,0,777,777,777,39,0,3245,1990-03-08,1,0,0,0,0,0,0,,5,0,0,1,1
"31-TX-18",2011-03-04,1,777,0,777,0,0,0,0,777,777,41,1,3940,1983-08-30,0,0,0,0,0,1,0,,2,0,0,0,1
"73-IU-32",2011-11-18,0,777,777,777,,,,,,,40,0,3750,1978-07-11,1,0,1,0,0,0,0,,8,0,0,0,1
"37-SB-92",2011-12-29,1,777,777,0,,,,777,777,777,39,1,3114,1982-06-05,0,0,0,0,0,0,1,"Turkish",8,0,0,0,1
"98-SK-86",2012-02-27,1,777,777,777,0,0,0,777,777,0,37,0,2863,1983-11-12,0,0,0,0,0,1,0,,3,0,0,1,1
"63-IA-46",2012-02-01,0,777,777,777,0,0,0,777,777,777,39,1,3303,1980-12-29,0,1,0,0,0,0,0,,7,0,0,0,1
"26-EU-74",2012-02-14,0,777,777,777,0,0,0,777,777,777,37,1,3072,1984-09-06,1,0,0,0,0,0,0,,8,0,0,,1
"58-KF-68",2011-02-21,0,777,777,777,0,0,0,777,777,777,38,0,3400,1977-01-10,1,0,0,0,0,0,0,,7,0,0,0,1
"20-LJ-29",2012-06-06,0,777,777,777,0,0,0,,,,23,0,960,1983-12-13,0,0,0,1,0,0,0,,7,0,0,,1
"71-CN-44",2010-10-20,1,777,777,777,0,0,0,777,777,777,40,0,3290,1973-04-18,1,0,0,0,0,0,0,,8,0,0,0,1
"69-SV-61",2012-03-30,0,0,777,777,0,0,0,0,777,777,40,0,3580,1979-04-04,1,0,0,0,0,0,0,,7,0,0,0,1
"08-JQ-25",2011-10-17,1,777,777,777,0,0,0,777,777,777,37,0,3035,1978-04-11,0,0,0,0,0,0,1,"Jewish",4,1,0,1,1
"92-EX-27",2010-12-20,1,777,777,777,,,,,,,39,1,3445,1980-06-25,1,0,0,0,0,0,0,,1,0,0,0,1
"04-JD-35",2011-03-28,0,777,777,777,0,0,0,,,,39,1,3560,1982-08-17,1,0,0,0,0,0,0,,1,0,0,0,1
"70-DT-52",2012-04-25,0,777,777,0,0,0,0,0,777,777,40,0,3935,1983-01-31,1,0,0,0,0,0,0,,8,0,0,0,1
"61-ZD-63",2011-05-13,0,777,777,0,0,0,0,777,777,777,37,1,3593,1983-09-19,,,,,,,,,7,0,0,0,1
"60-TA-35",2012-04-16,0,777,777,777,0,0,0,777,777,777,39,0,3410,1977-11-29,1,0,0,0,0,0,0,,7,0,0,0,1
"58-VA-75",2012-02-06,2,777,777,777,0,0,0,777,777,777,39,0,3160,1983-01-13,0,0,1,0,0,0,0,,8,0,0,0,1
"64-IV-35",2011-10-07,2,777,0,777,,,,,,,40,1,3250,1982-11-08,0,0,0,0,0,0,1,"Persian",7,0,1,0,1
"34-JA-25",2011-03-29,0,777,777,777,0,0,0,777,777,777,40,1,3263,1980-08-06,1,0,0,0,0,0,0,,7,1,0,0,1
"84-JZ-97",2010-11-15,1,777,777,777,0,0,0,777,777,0,39,0,3125,1985-10-01,1,0,0,0,0,0,0,,3,0,0,0,1
"45-SZ-97",2011-05-16,1,777,777,0,0,0,0,777,777,777,40,0,3430,1988-09-16,0,0,0,0,0,1,0,,3,0,1,0,1
"87-SV-86",2011-11-04,0,777,777,0,0,0,0,777,777,777,41,0,4320,1981-10-09,0,0,0,0,1,0,0,,2,0,0,0,1
"54-CZ-24",2012-02-23,0,777,777,777,0,0,0,777,777,777,38,0,3430,1971-08-12,0,0,0,1,0,0,0,,7,0,0,0,1
"29-JP-47",2011-12-07,0,777,0,777,0,0,0,777,777,0,39,0,4985,1979-07-04,,,,,,,,,4,0,0,0,1
"85-MS-25",2010-07-28,1,777,777,0,0,0,0,777,777,777,40,0,3678,1989-07-14,1,0,0,0,0,0,0,,5,1,,0,1
"13-KK-75",2010-11-18,1,777,777,0,0,0,0,777,777,777,39,1,3340,1984-06-10,1,0,0,0,0,0,0,,4,0,0,0,1
"45-XN-91",2010-09-09,1,777,777,777,0,0,0,777,777,777,37,0,2787,1976-08-31,1,0,0,0,0,0,0,,4,0,0,0,1
"21-NR-76",2012-06-04,1,777,777,777,0,0,0,777,777,777,39,0,3270,1978-12-23,1,0,0,0,0,0,0,,5,0,0,0,1
"46-QY-93",2011-02-24,0,0,0,0,0,0,0,777,777,777,38,1,2592,1981-12-03,1,0,0,0,0,0,0,,7,0,0,0,1
"69-OG-39",2011-12-19,1,777,777,0,0,0,0,777,777,777,39,1,3605,1980-11-06,1,0,0,0,0,0,0,,1,0,0,1,1
"12-HS-67",2011-06-21,0,777,777,777,0,0,0,777,777,777,35,1,2515,1980-12-07,1,0,0,0,0,0,0,,2,0,0,0,1
"95-SD-78",2012-02-17,0,777,777,777,0,0,0,777,777,777,41,1,3275,1986-04-08,0,0,0,0,0,0,1,"Jewish",4,0,1,0,1
"35-YF-38",2012-03-05,1,777,777,777,0,0,0,777,777,777,40,0,3730,1979-06-07,0,0,0,0,1,0,0,,8,0,0,0,1
"91-UD-55",2012-02-20,1,777,777,0,0,0,0,777,777,777,35,1,2130,1984-12-14,1,0,0,0,0,0,0,,7,0,0,0,1
"44-VI-77",2011-11-18,2,777,777,777,0,0,0,777,777,777,38,0,3450,1991-08-09,0,0,0,0,0,1,0,,8,0,0,0,1
"44-NJ-04",2011-12-09,2,0,777,777,0,0,0,0,777,777,39,0,3620,1990-12-21,1,0,0,0,0,0,0,,3,0,0,0,1
"81-NN-76",2011-08-05,0,777,777,777,0,0,0,777,777,777,41,0,3560,1973-06-21,1,0,0,0,0,0,0,,8,0,0,0,1
"52-UP-79",2010-11-16,0,777,777,777,0,0,0,777,777,777,36,1,2360,1977-05-02,0,0,0,0,0,1,0,,8,0,0,0,1
"87-GY-05",2012-03-14,0,777,777,777,0,0,0,,,,38,0,3960,1981-06-12,0,0,0,0,0,0,1,"Mixed",4,0,1,0,1
"96-QP-14",2012-02-14,0,777,777,777,0,0,0,777,777,777,39,1,4040,1991-07-31,0,0,0,0,1,0,0,,7,0,1,0,1
"40-BF-68",2011-02-10,1,777,777,0,0,0,0,777,777,777,40,1,3024,1979-12-12,0,0,0,1,0,0,0,,8,0,0,0,1
"99-MA-41",2011-11-17,0,777,777,777,,,,,,,40,0,3424,1978-03-08,1,0,0,0,0,0,0,,8,0,0,0,1
"01-ZE-63",2012-05-14,1,777,777,777,0,0,0,777,777,777,40,1,3311,1986-04-08,0,1,0,0,0,0,0,,8,0,0,0,1
"29-DQ-78",2012-01-23,0,777,777,777,0,0,0,777,777,777,38,1,3458,1977-03-21,0,0,0,0,0,0,1,"Mixed",4,0,0,1,1
"23-EF-46",2012-02-23,1,777,777,0,0,0,0,777,777,777,41,1,3575,1980-05-07,0,0,0,0,0,0,1,"Mixed",7,0,0,0,1
"08-MB-81",2012-01-24,1,777,777,777,0,0,0,777,777,777,39,0,3690,1975-11-02,1,0,0,0,0,0,0,,5,0,0,0,1
"76-FU-53",2011-02-16,0,777,777,0,0,0,0,0,777,777,41,0,3450,1970-09-19,1,0,0,0,0,0,0,,7,,1,1,1
"87-LE-76",2011-09-13,1,777,777,1,0,0,0,777,777,777,37,0,2435,1985-06-27,1,0,0,0,0,0,0,,7,0,1,0,1
"33-YR-30",2011-06-21,1,777,777,0,0,0,0,777,777,777,39,1,3277,1980-02-27,1,0,0,0,0,0,0,,7,0,0,,1
"86-RA-62",2011-12-01,0,777,777,777,0,0,0,777,777,777,38,0,,1982-10-22,1,0,0,0,0,0,0,,8,0,0,0,1
"67-PI-46",2010-09-14,1,777,777,777,,,,,,,41,0,3865,1976-10-03,1,0,0,0,0,0,0,,3,0,0,0,1
"57-YF-83",2012-05-11,0,777,777,777,0,0,0,777,777,777,38,1,3454,1982-12-25,0,0,1,0,0,0,0,,8,0,0,0,1
"29-UX-41",2011-10-27,0,777,777,777,0,0,0,777,777,777,38,0,3200,1975-04-15,,,,,,,,,8,0,0,0,1
"23-ZA-19",2010-12-20,1,777,777,0,,,,777,777,777,39,1,2571,1986-11-01,0,0,1,0,0,0,0,,6,0,0,0,1
"67-XO-42",2012-06-13,0,777,777,777,0,0,0,777,777,777,38,0,3210,1985-07-27,1,0,0,0,0,0,0,,4,0,0,0,1
"12-WU-81",2011-06-07,1,777,777,777,0,0,0,777,777,777,40,0,3730,1980-12-15,0,0,0,0,0,1,0,,,0,0,0,1
"61-MG-90",2011-02-17,0,777,777,777,0,0,0,777,777,777,40,1,3668,1975-10-19,0,0,0,1,0,0,0,,,,0,0,1
"88-IE-55",2011-08-09,1,777,777,0,0,0,0,0,777,777,41,0,3850,1983-09-13,0,0,0,0,0,0,1,"Turkish",3,0,0,0,1
"93-QY-72",2012-04-17,0,777,777,777,0,0,0,777,777,777,38,0,3010,1983-06-06,1,0,0,0,0,0,0,,5,0,0,0,1
"71-NT-61",2012-02-27,0,777,777,0,0,0,0,777,777,0,39,1,2835,1977-08-31,1,0,0,0,0,0,0,,6,1,0,0,1
"28-IM-54",2012-06-08,0,777,777,777,0,0,0,777,777,0,39,1,3445,1974-04-19,1,0,1,0,0,0,0,,2,0,0,0,1
"63-DC-39",2010-10-07,0,777,777,777,0,0,0,777,777,777,40,0,3410,1980-10-30,1,0,0,0,0,0,0,,8,0,0,0,1
"87-TF-37",2012-02-01,2,777,777,777,0,0,0,777,777,777,39,1,2850,1982-09-24,1,0,0,0,0,0,0,,5,0,0,0,1
"81-DU-93",2010-09-14,1,777,777,0,0,0,0,777,777,777,36,1,2520,1979-06-20,1,0,0,0,0,0,0,,8,0,0,0,1
"36-ME-89",2011-04-07,0,777,777,777,0,0,0,,,,41,1,3385,1979-12-15,1,0,0,0,0,0,0,,4,1,0,0,1
"64-NK-42",2011-03-11,1,777,777,777,0,0,0,,,,39,1,4350,1978-04-26,0,0,0,0,1,0,0,,5,0,1,0,1
"23-MZ-28",2012-06-28,0,777,777,777,0,0,0,777,777,777,40,1,2950,1981-08-21,1,0,0,0,0,0,0,,7,0,1,0,1
"56-UE-01",2012-02-29,0,777,777,777,0,0,0,777,777,777,38,1,3077,1987-12-14,1,0,0,0,0,0,0,,8,0,0,0,1
"77-OO-28",2011-11-22,0,777,777,777,0,0,0,777,777,777,37,1,3900,1981-05-07,0,0,0,0,0,0,1,"Jewish",8,0,0,0,1
"12-JR-20",2010-11-10,1,777,777,0,0,0,0,,,,37,1,3530,1972-10-13,1,0,0,0,0,0,0,,7,0,0,0,1
"79-TF-02",2010-09-02,1,777,777,2,0,0,0,777,777,777,39,0,3500,1983-04-05,1,0,0,0,0,0,0,,7,0,1,1,
"95-EX-89",2012-02-27,2,777,777,777,0,0,0,777,777,777,39,1,2318,1989-01-19,1,0,0,0,0,0,0,,8,0,0,0,1
"58-DU-06",2011-07-21,1,777,777,0,0,0,0,777,777,777,38,0,3360,1977-06-27,0,0,1,0,0,0,0,,5,0,0,0,1
"77-EH-59",2012-05-18,1,777,777,0,0,0,0,777,777,777,38,1,2810,1982-10-31,1,0,0,0,0,0,0,,7,0,0,0,1
"13-WO-49",2011-09-22,1,777,777,0,0,0,0,777,777,0,38,0,3472,1978-09-05,1,0,0,0,0,0,0,,8,0,0,0,1
"52-JP-19",2012-05-08,0,777,777,777,0,0,0,777,777,777,41,0,3395,1973-06-18,1,0,0,0,0,0,0,,8,0,0,0,1
"49-IV-14",2011-09-09,1,777,777,0,0,0,0,777,777,777,39,0,3500,1980-03-14,1,0,0,0,0,0,0,,8,0,0,0,1
"02-CA-89",2010-10-13,1,777,777,777,0,0,0,777,777,0,41,0,4255,1978-04-18,1,0,0,0,0,0,0,,5,0,0,0,1
"98-QC-75",2011-02-16,1,777,777,0,0,0,0,777,777,777,40,0,4155,1982-04-11,0,0,1,0,0,0,0,,8,0,0,0,1
"60-DK-31",2011-12-07,0,777,777,777,0,0,0,777,777,777,38,1,3295,1979-09-11,1,0,0,0,0,0,0,,8,0,0,0,1
"92-UK-63",2012-06-21,0,777,777,777,0,0,0,777,777,777,40,0,3629,1977-10-02,1,0,0,0,0,0,0,,8,0,0,0,1
"97-ZX-78",2012-05-28,0,777,777,777,0,0,0,,,,40,1,4170,1979-03-14,1,0,0,0,0,0,0,,5,1,1,0,1
"08-PE-83",2011-05-24,0,777,777,777,0,0,0,777,777,777,39,1,3120,1981-01-07,0,0,0,1,0,0,0,,5,0,0,0,1
"73-JN-81",2011-05-11,0,777,777,777,0,0,0,777,777,777,41,0,3365,1977-10-05,0,0,0,0,1,0,0,,3,0,0,1,1
"43-AP-61",2011-03-02,0,888,888,888,0,0,0,777,777,0,40,1,3398,1983-08-30,1,0,0,0,0,0,0,,7,1,0,0,1
"82-EX-44",2012-01-30,1,777,777,777,0,0,0,777,777,777,39,0,2992,1982-02-11,0,1,0,1,0,0,0,,7,0,0,0,1
"96-LD-37",2012-01-30,1,777,777,0,,,,777,777,0,36,1,3063,1973-04-15,0,0,0,1,0,0,0,,5,1,0,0,1
"54-VA-03",2010-10-13,0,777,777,777,0,0,0,777,777,777,40,0,3364,1973-06-25,1,0,0,0,0,0,0,,8,0,0,0,1
"07-OE-26",2012-01-12,1,777,777,2,0,0,0,777,777,777,38,0,3050,1979-06-06,1,0,0,0,0,0,0,,4,0,0,0,1
"39-ZD-87",2011-04-12,1,777,777,777,0,0,0,777,777,777,40,1,3765,1981-03-20,1,0,0,0,0,0,0,,8,0,0,0,1
"54-NX-41",2012-03-02,0,777,777,777,0,0,0,777,777,777,39,0,3460,1979-10-31,0,0,1,0,0,0,0,,4,0,,0,1
"44-LD-92",2011-08-02,0,777,777,0,0,0,0,,,,37,0,4751,1985-08-12,1,0,0,0,0,0,0,,4,0,0,0,1
"75-CG-83",2012-03-16,1,777,777,777,0,0,0,777,777,0,39,1,3290,1986-01-09,0,0,0,1,0,0,0,,7,0,0,0,1
"20-TU-63",2011-07-14,1,777,777,0,0,0,0,777,777,777,41,1,3550,1969-04-30,1,0,0,0,0,0,0,,7,0,0,0,1
"29-TH-38",2011-07-08,0,777,777,777,0,0,0,777,777,777,41,0,3715,1984-01-30,1,0,0,0,0,0,0,,7,1,0,0,1
"38-IG-62",2011-11-18,1,777,777,1,0,0,0,777,777,0,41,1,3665,1985-07-06,1,0,0,0,1,0,0,,4,1,0,0,1
"73-EM-56",2012-01-25,1,777,777,0,0,0,0,777,777,777,41,0,3800,1981-02-11,0,0,0,0,0,1,0,,8,0,0,0,1
"07-QD-54",2011-12-12,1,777,777,777,,,,,,,40,1,3210,1989-12-09,1,0,0,0,0,0,0,,7,0,0,0,1
"81-BM-96",2012-06-08,1,777,777,777,0,0,0,,,,39,0,2975,1982-11-27,1,0,0,0,0,0,0,,3,0,0,0,1
"54-AO-49",2011-02-10,1,777,777,777,0,0,0,777,777,777,40,0,3682,1982-07-06,0,0,0,1,0,1,0,,8,0,0,0,1
"23-JE-72",2010-10-22,1,777,777,777,0,0,0,777,777,777,39,0,3390,1971-12-13,1,0,0,0,0,0,0,,5,1,0,0,1
"90-QJ-73",2011-03-31,0,777,777,0,0,0,0,0,777,777,40,1,3850,1971-12-02,0,0,0,0,0,1,0,,3,0,0,1,1
"37-NK-19",2011-06-28,1,777,777,777,0,0,0,777,777,777,38,1,2440,1979-06-10,1,0,0,0,0,0,0,,7,1,0,0,1
"37-KU-60",2012-05-03,0,777,777,777,0,0,0,,,,40,1,4420,1976-02-01,0,0,0,1,0,0,0,,3,0,0,0,1
"68-QE-36",2010-10-26,1,0,777,777,0,0,0,777,777,777,38,0,2695,1982-08-29,1,0,0,0,0,0,0,,7,0,0,0,1
"66-ZR-00",2010-12-07,1,0,0,0,888,888,888,777,777,777,41,0,2620,1980-06-18,0,0,0,0,0,0,1,"Arab",3,0,0,0,1
"14-DK-92",2011-12-08,1,777,777,777,0,0,0,777,777,777,40,0,3120,1978-07-25,1,0,0,0,0,0,0,,4,0,0,1,1
"63-ZT-74",2012-05-25,1,777,777,2,0,0,0,777,777,777,38,0,2850,1977-04-14,1,0,0,0,0,0,0,,7,0,0,0,1
"54-NS-70",2010-10-07,0,777,777,777,0,0,0,777,777,777,38,1,4220,1987-06-12,1,0,0,0,0,0,0,,4,0,0,0,1
"29-NL-29",2011-07-04,2,777,777,777,0,0,0,777,777,777,37,1,3288,1979-06-02,1,0,0,0,0,0,0,,,0,0,0,1
"11-BV-84",2010-10-14,1,777,777,777,0,0,0,777,777,777,40,1,3736,1982-07-30,1,0,0,0,0,0,0,,8,0,0,0,1
"71-BA-18",2011-05-09,0,777,777,777,0,0,0,777,777,777,41,1,3295,1979-06-29,0,0,1,0,0,0,0,,8,0,0,0,1
"97-JZ-46",2012-02-08,0,0,777,777,0,0,0,777,777,777,41,0,3714,1978-07-19,0,0,0,0,0,0,1,"Mixed",8,0,0,0,1
"42-RJ-79",2011-03-16,0,777,777,777,0,0,0,777,777,777,40,0,3475,1986-11-01,1,0,0,0,0,0,0,,6,0,0,0,1
"88-QX-33",2011-01-20,1,777,777,0,0,0,0,777,777,777,39,0,2750,1981-12-04,1,0,0,0,0,0,0,,7,0,0,0,1
"64-XA-57",2010-09-02,1,777,777,777,,,,,,,39,0,3756,1979-01-16,1,0,0,1,0,0,0,,8,0,0,0,1
"23-PI-68",2012-03-12,0,0,777,777,0,0,0,777,777,777,40,0,3750,1975-09-24,1,0,0,0,0,0,0,,6,0,0,0,1
"69-VT-89",2010-12-14,1,777,777,777,0,0,0,777,777,777,39,0,3538,1981-07-06,1,0,0,0,0,0,0,,1,0,0,0,1
"01-EZ-88",2011-10-17,0,0,777,777,0,0,0,777,777,0,41,0,2980,1985-10-06,1,0,0,0,0,0,0,,8,0,0,0,1
"75-FH-42",2012-01-24,0,777,777,777,0,0,0,777,777,777,40,1,3350,1988-06-26,1,0,0,0,0,0,0,,8,0,0,0,1
"11-BU-02",2011-05-26,0,0,777,777,0,0,0,777,777,777,40,0,3602,1975-09-04,1,0,0,0,0,0,0,,6,0,1,0,1
"34-PA-94",2012-06-14,1,777,777,0,0,0,0,0,777,777,38,1,3122,1987-08-17,1,0,0,0,0,0,0,,7,0,0,0,1
"67-VT-19",2011-05-12,0,777,777,0,0,0,0,777,777,0,41,1,3220,1981-09-29,1,0,0,0,0,0,0,,8,0,0,0,1
"08-SA-59",2012-04-04,0,777,777,777,0,0,0,777,777,777,41,1,3225,1970-08-15,0,0,0,0,1,0,0,,8,0,0,0,1
"26-NJ-28",2011-12-16,0,777,777,777,0,0,0,777,777,777,38,0,3740,1979-02-05,0,0,0,0,1,0,0,,8,0,,0,1
"27-ID-88",2011-03-28,0,777,777,777,0,0,0,777,777,777,37,0,3450,1971-02-28,1,0,0,0,0,0,0,,7,0,0,0,1
"21-OM-32",2010-07-08,0,777,777,777,0,0,0,777,777,777,40,0,3580,1980-06-22,0,0,0,0,1,0,0,,7,0,0,0,1
"96-IT-75",2011-07-08,0,777,777,0,0,0,0,0,777,777,40,1,3380,1972-08-25,1,0,0,0,0,0,0,,5,,0,0,1
"19-JI-06",2010-07-16,1,777,777,777,0,0,0,777,777,777,40,0,3300,1976-02-24,1,0,0,0,0,0,0,,7,1,0,0,1
"79-TA-04",2012-02-16,3,777,777,777,0,0,0,777,777,777,40,0,2850,1985-09-12,0,0,0,0,1,0,0,,8,0,0,0,1
"93-IK-31",2012-04-20,0,777,777,777,0,0,0,777,777,777,38,0,3225,1975-07-12,0,0,0,0,0,0,1,"Mixed",7,0,0,0,1
"05-OO-25",2012-02-08,1,888,888,888,0,0,0,777,777,777,38,0,3005,1973-05-07,1,0,0,0,0,0,0,,8,0,,0,1
"39-GD-54",2011-05-27,1,777,777,1,0,0,0,777,777,777,40,1,3460,1988-08-08,1,0,0,1,0,0,0,,6,0,0,0,1
"90-LR-35",2012-01-09,0,777,777,777,0,0,0,777,777,777,37,0,2765,1978-08-17,1,0,0,0,0,0,0,,7,0,,0,1
"52-XP-12",2011-03-02,1,777,777,777,0,0,0,777,777,1,39,0,3980,1974-11-28,1,0,0,0,0,0,0,,2,0,0,0,1
"37-IY-14",2011-10-12,1,777,777,0,0,0,0,777,777,777,39,1,3850,1984-04-08,0,0,1,0,0,0,0,,5,0,0,0,1
"60-CQ-91",2012-04-18,1,777,777,777,0,0,0,777,777,777,39,1,3694,1982-10-04,1,0,0,0,0,0,0,,8,0,0,0,1
"17-YB-07",2010-11-15,1,777,777,777,,,,,,,36,0,2650,1973-06-07,1,0,0,0,0,0,0,,8,0,0,0,1
"21-YA-20",2011-11-28,0,777,777,777,0,0,0,777,777,777,38,0,3370,1984-09-04,1,0,0,0,0,0,0,,8,0,0,0,1
"40-ZS-24",2010-11-04,0,777,777,777,0,0,1,777,777,777,39,0,3235,1973-07-11,1,0,0,0,0,0,0,,5,0,0,0,1
"97-YJ-20",2012-04-10,2,777,777,777,0,0,0,0,777,777,39,1,3019,1987-07-02,0,0,0,0,1,0,0,,8,0,0,0,1
"88-QO-07",2010-06-08,1,777,777,0,0,0,0,777,777,777,38,1,2491,1972-06-27,1,0,0,0,0,0,0,,7,,0,0,1
"31-ES-15",2011-07-25,0,777,777,777,0,0,0,777,777,777,40,1,4595,1986-11-18,1,0,0,0,0,0,0,,3,0,0,0,1
"43-EI-36",2011-04-14,0,777,1,5,0,0,0,777,777,777,39,0,3210,1973-07-29,0,0,0,0,0,0,1,"Jewish",6,0,0,0,1
"24-LM-48",2012-04-27,0,777,777,0,0,0,0,777,777,777,37,0,2195,1984-05-04,,,,,,,,,5,0,1,0,1
"59-PC-74",2012-04-05,0,777,777,777,0,0,0,777,777,777,37,1,2765,1977-10-24,1,0,0,0,0,1,0,,5,0,0,0,1
"19-BQ-18",2011-10-12,0,777,777,0,0,0,0,777,777,777,39,1,3560,1980-08-14,1,0,0,0,0,0,0,,3,0,0,0,1
"14-BK-88",2012-03-07,0,777,777,777,0,0,0,777,777,777,39,1,3280,1980-10-13,1,0,0,0,0,0,0,,8,0,0,,1
"18-NU-62",2011-10-17,2,777,777,777,0,0,0,777,777,777,39,1,3010,1974-03-25,0,0,0,0,0,0,1,"Persian",4,0,0,0,1
"65-AP-36",2012-05-10,1,777,777,777,,,,777,777,777,39,0,3910,1985-08-22,,,,,,,,,3,0,0,0,1
"90-MG-85",2010-12-15,1,777,777,777,0,0,0,777,777,0,40,1,3192,1984-12-26,1,0,0,0,0,0,0,,4,1,0,0,1
"58-OF-88",2010-06-22,1,777,777,777,0,0,0,777,777,777,40,1,3850,1970-01-09,1,0,0,0,0,0,0,,8,0,0,0,1
"11-MW-37",2012-05-31,1,777,777,0,0,0,0,777,777,0,39,0,3379,1980-02-14,1,0,0,0,0,0,0,,6,0,0,0,1
"45-VL-05",2011-03-28,0,777,777,777,0,0,0,777,777,777,39,0,3123,1971-12-21,1,0,0,0,0,0,0,,6,0,0,0,1
"42-CA-64",2011-11-16,1,0,777,777,0,0,0,777,777,777,39,0,4236,1984-04-24,0,0,0,1,0,0,0,,5,0,0,0,1
"18-FP-51",2011-06-09,1,777,777,777,0,0,0,777,777,777,40,0,3910,1979-05-28,1,0,0,0,0,0,0,,6,0,0,0,1
"74-DO-20",2010-07-13,1,777,777,777,0,0,0,,,,40,0,2945,1979-10-13,1,0,0,0,0,0,0,,8,0,0,0,1
"18-BJ-50",2011-10-12,0,777,777,777,0,0,0,777,777,777,40,0,3685,1978-08-23,1,0,0,0,0,0,0,,8,0,0,0,1
"54-PN-13",2011-02-07,0,777,777,0,0,0,0,777,777,777,39,1,4453,1976-10-04,1,0,0,0,0,0,0,,7,0,0,0,1
"74-XZ-86",2011-10-17,0,777,777,777,0,0,0,777,777,777,38,1,3630,1985-10-17,0,0,1,0,0,0,0,,,0,,0,1
"44-SO-12",2010-10-27,1,888,888,888,0,0,0,777,777,777,40,0,3649,1980-09-28,1,0,0,0,0,0,0,,4,0,0,0,1
"58-KF-79",2011-12-13,1,777,777,777,0,0,0,777,777,777,38,0,3680,1981-12-24,1,0,0,0,0,0,0,,1,1,0,0,1
"73-IR-13",2011-11-25,1,0,777,777,0,0,0,777,777,777,38,1,3052,1985-03-21,1,0,0,0,1,0,0,,8,0,0,0,1
"82-MR-76",2012-06-05,0,777,777,777,0,0,0,777,777,777,41,0,3880,1982-08-12,1,0,0,0,0,0,0,,8,0,0,0,1
"07-QA-53",2011-03-04,0,777,777,777,0,0,0,777,777,777,39,0,3225,1980-03-08,1,0,0,0,0,0,0,,8,0,0,0,1
"28-EG-04",2011-09-13,1,777,777,777,0,0,0,,,,38,1,3630,1982-06-18,1,0,0,0,0,0,0,,8,0,0,0,1
"55-NA-37",2011-02-15,1,777,777,777,0,0,0,777,777,777,39,0,3237,1982-11-08,1,0,0,0,0,0,0,,7,0,0,0,1
"69-ZB-54",2012-02-07,1,777,777,0,0,0,0,777,777,777,40,0,3590,1986-02-25,,,,,,,,,5,0,0,0,1
"19-XM-76",2012-02-23,0,777,777,777,0,0,0,777,777,777,41,1,2995,1988-12-14,1,0,0,0,0,0,0,,8,0,0,0,1
"73-MN-64",2011-08-11,1,777,777,0,0,0,0,777,777,777,40,0,3162,1985-05-20,0,0,0,0,1,0,0,,8,0,0,0,1
"05-DE-43",2012-02-16,0,777,777,777,0,0,0,777,777,777,39,1,3520,1980-01-28,0,0,0,1,0,0,0,,8,0,0,0,1
"59-KT-22",2011-11-03,1,777,777,777,0,0,0,777,777,777,40,0,3930,1989-09-17,0,0,1,0,0,0,0,,6,1,0,0,1
"57-QO-61",2010-06-28,1,777,777,777,888,999,888,777,777,777,39,0,3957,1976-02-23,0,0,0,0,1,0,0,,5,1,0,0,1
"31-OZ-91",2011-10-12,1,777,777,0,0,0,0,777,777,777,37,0,3770,1984-09-06,1,0,0,0,0,0,0,,4,1,0,0,1
"27-BH-26",2012-03-05,1,777,777,777,0,0,0,777,777,777,37,0,2900,1981-04-04,1,0,0,0,0,0,0,,6,0,0,0,1
"79-LS-03",2011-01-11,1,777,777,0,888,888,888,0,777,777,39,1,3080,1982-11-05,0,0,0,0,0,0,1,"Arab",5,0,0,0,1
"04-CT-16",2011-03-09,1,777,0,777,0,0,0,777,777,777,41,0,3875,1980-09-05,1,0,0,0,0,0,0,,8,0,0,0,1
"51-WV-12",2011-12-13,0,777,777,0,0,0,0,777,777,777,34,1,1780,1983-09-07,0,0,0,0,1,0,0,,6,0,1,0,1
"00-PS-86",2012-06-08,0,777,777,777,0,0,0,777,777,0,38,0,3325,1984-08-16,0,1,0,0,0,0,0,,8,0,0,0,1
"02-XW-11",2010-12-10,0,777,777,777,0,0,0,777,777,777,38,0,3465,1983-06-21,1,0,0,0,0,0,1,"Jewish",8,0,0,0,1
"78-FQ-67",2012-03-01,0,777,777,0,0,0,0,777,777,777,38,0,2990,1980-01-28,0,0,1,0,0,0,0,,8,0,0,0,1
"44-NY-89",2012-01-04,0,0,777,777,0,0,0,777,777,777,38,0,3310,1981-03-13,1,0,0,0,0,0,0,,5,0,0,0,1
"55-DS-12",2012-04-03,1,777,777,777,0,0,0,777,777,777,38,1,4430,1984-06-07,0,0,0,0,0,0,1,"Jewish",8,0,0,0,1
"64-TX-76",2012-01-24,2,777,777,0,0,0,0,777,777,0,40,0,2936,1975-11-17,0,0,0,0,1,0,0,,7,0,0,0,1
"94-MG-60",2011-03-02,0,777,777,777,0,0,0,777,777,777,39,0,3785,1983-05-08,1,0,0,0,0,0,0,,7,0,0,1,1
"55-GT-13",2012-07-06,1,777,777,0,0,0,0,777,777,777,42,1,4028,1982-06-25,1,0,0,0,0,0,0,,8,0,0,0,1
"26-OC-99",2012-05-17,1,777,777,777,0,0,0,777,777,777,38,1,3454,1982-10-24,0,0,0,1,0,0,0,,4,1,0,0,1
"73-XD-53",2012-05-03,0,777,777,0,0,0,0,777,777,777,38,0,3811,1982-05-08,1,0,0,0,0,0,0,,7,0,0,0,1
"63-BR-56",2012-06-04,0,777,777,777,0,0,0,777,777,777,39,1,3690,1975-01-20,1,0,0,0,0,0,0,,3,0,0,0,1
"38-TK-70",2012-05-31,0,777,777,777,0,0,0,777,777,777,33,1,2330,1976-06-20,1,0,0,0,0,0,0,,5,0,0,0,1
"48-JS-04",2011-04-27,1,777,777,777,0,0,0,777,777,777,39,1,3690,1980-01-22,1,0,0,0,0,0,0,,8,0,0,0,1
"46-AF-29",2012-02-27,1,777,777,777,0,0,0,777,777,777,41,1,2850,1985-01-17,0,0,1,0,0,0,0,,7,0,0,1,1
"62-RU-23",2012-02-07,0,777,777,777,0,0,0,777,777,777,38,0,3370,1985-12-01,1,0,0,0,0,0,0,,8,0,0,0,1
"63-UW-67",2011-07-18,1,777,777,0,0,0,0,777,777,777,38,0,3015,1988-11-01,1,0,0,0,0,0,0,,7,0,0,1,1
"90-SL-02",2012-06-22,0,777,777,777,0,0,0,0,777,777,40,1,3494,1971-10-17,0,1,0,0,0,0,0,,2,0,1,0,1
"63-KV-29",2010-11-25,0,777,777,777,0,0,0,777,777,777,40,0,3198,1977-10-21,1,0,0,0,0,0,0,,8,0,0,0,1
"72-UM-40",2012-05-02,1,777,777,1,0,0,0,777,777,777,36,1,2886,1978-08-23,0,0,0,1,0,0,0,,8,0,0,,1
"98-BZ-98",2010-10-19,1,777,777,0,0,0,0,777,777,777,38,1,3870,1980-05-19,1,0,0,0,0,0,0,,4,1,0,0,1
"58-QK-79",2011-04-13,1,777,777,1,0,0,0,777,777,777,39,0,2850,1985-01-21,1,0,0,0,0,0,0,,7,0,0,0,1
"64-NR-76",2011-06-03,0,777,777,777,0,0,1,,,,39,0,3017,1986-04-03,0,0,0,0,1,0,0,,4,0,0,0,1
"32-UU-69",2011-12-14,1,777,777,3,0,0,0,777,777,0,40,0,3960,1979-09-07,1,0,0,0,0,0,0,,6,0,0,0,1
"00-AW-99",2011-01-07,0,777,777,0,0,0,0,777,777,777,38,0,2805,1977-02-08,0,0,0,1,0,0,0,,7,0,0,0,1
"28-JB-22",2011-10-04,1,777,777,777,0,0,0,777,777,777,39,1,3120,1984-04-07,1,0,0,0,0,0,0,,4,0,0,0,1
"55-DY-62",2012-01-30,0,777,777,0,0,0,0,777,777,777,39,1,2670,1982-08-25,1,0,0,0,0,0,0,,3,0,0,0,1
"87-TM-49",2012-03-29,1,777,777,777,0,0,0,777,777,777,40,0,4173,1981-02-07,1,0,0,0,0,0,0,,6,1,0,0,1
"54-UY-45",2011-11-25,1,0,777,777,0,0,0,777,777,777,38,0,3680,1985-10-18,1,0,0,0,0,0,0,,8,0,0,0,1
"28-IN-57",2012-05-30,0,777,777,0,0,0,0,777,777,777,39,0,3950,1984-05-07,1,0,0,0,0,0,0,,7,0,0,0,1
"58-PO-80",2012-03-07,1,777,777,777,0,0,0,777,777,777,39,1,3040,1986-03-01,1,0,0,0,0,0,0,,7,0,0,0,1
"70-IS-40",2012-02-06,0,0,777,777,0,0,0,0,777,777,38,0,2930,1981-08-18,0,0,0,0,0,0,1,"Jewish",5,0,1,0,1
"00-OX-87",2012-02-14,0,777,777,777,0,0,0,777,777,777,39,1,3370,1979-05-07,0,0,1,0,0,0,0,,8,0,0,0,1
"86-CP-40",2011-12-20,1,777,777,0,0,0,0,777,777,777,41,1,3992,1985-02-05,1,0,0,0,0,0,0,,5,0,0,0,1
"76-NF-39",2011-12-07,2,777,777,777,0,0,0,777,777,777,33,0,1990,1972-03-12,1,0,0,0,0,0,0,,7,0,1,0,1
"21-LH-75",2012-05-04,0,777,777,777,0,0,0,777,777,777,39,1,3716,1972-08-12,0,0,0,0,1,0,0,,6,0,0,0,1
"63-PI-68",2011-02-04,1,777,777,0,0,0,0,0,777,777,38,0,3015,1990-07-02,1,0,0,0,0,0,0,,5,0,1,0,1
"12-PP-40",2012-02-04,0,0,777,777,0,0,0,777,777,777,40,0,3695,1976-04-03,0,0,0,0,0,0,1,"Jewish",5,0,0,0,1
"46-BQ-47",2012-01-20,0,777,777,777,0,0,0,777,777,777,39,1,2672,1989-03-16,1,0,0,0,0,0,0,,,0,0,0,1
"22-VF-75",2012-03-13,0,777,777,0,0,0,0,777,777,777,39,1,4350,1977-02-20,1,0,0,0,0,0,0,,5,0,0,0,1
"93-VL-55",2012-02-29,1,777,777,10,0,0,0,777,777,777,38,1,3440,1974-06-07,0,0,0,0,1,0,0,,8,0,0,0,1
"86-VR-79",2012-05-10,1,777,777,0,0,0,0,0,777,777,38,0,2440,1979-02-22,0,0,0,0,0,0,1,"Mixed",5,0,0,0,1
"85-AW-27",2011-07-05,1,777,777,0,0,0,0,777,777,0,41,0,4060,1982-07-26,1,0,0,0,0,0,0,,7,0,0,0,1
"97-YJ-59",2012-01-09,0,888,999,888,0,0,0,0,777,777,40,0,3750,1975-09-17,0,0,0,1,0,0,0,,8,0,0,0,1
"82-XM-55",2011-02-15,0,777,777,777,0,0,0,777,777,777,41,0,3600,1972-08-18,1,0,0,0,0,0,0,,3,0,0,0,1
"48-QN-93",2012-04-05,0,777,777,777,0,0,0,777,777,777,37,1,2585,1984-11-12,1,0,0,0,0,0,0,,8,0,0,,1
"86-GX-31",2011-01-20,0,777,777,888,0,0,0,777,777,777,39,1,3450,1971-03-05,1,0,0,0,0,0,0,,6,0,0,0,1
"27-XK-54",2012-06-04,1,777,777,777,0,0,0,777,777,777,38,1,3090,1981-07-22,1,0,0,0,0,0,0,,5,1,0,0,1
"17-DM-61",2011-11-16,1,777,777,777,0,0,0,777,777,777,35,0,2555,1984-06-23,1,0,0,0,0,0,0,,6,0,0,0,1
"45-PY-01",2011-10-18,0,777,777,777,0,0,0,,,,33,0,1725,1983-04-13,1,0,0,0,0,0,0,,4,0,0,0,1
"50-FJ-45",2011-08-25,1,0,777,777,0,0,0,777,777,777,40,1,3850,1974-01-06,1,0,0,0,0,0,0,,8,0,0,0,1
"42-NK-11",2012-04-26,1,777,777,0,0,0,0,777,777,777,39,1,3430,1975-11-24,1,0,0,0,0,0,0,,4,0,0,0,1
"51-XI-86",2011-09-20,1,777,777,777,0,0,0,,,,41,0,4390,1981-04-25,0,0,0,0,0,1,0,,7,0,0,0,1
"93-HZ-75",2011-03-02,0,0,777,777,0,0,0,777,777,777,40,0,3375,1983-08-18,0,0,0,0,0,0,1,"Mixed",5,0,0,0,1
"72-WL-34",2010-09-09,1,777,777,0,0,0,0,777,777,0,39,1,3310,1979-10-24,0,1,0,0,0,0,0,,8,0,0,0,1
"98-WK-48",2011-01-14,1,777,777,0,0,0,0,888,,777,40,0,3527,1985-12-01,1,0,0,0,0,0,0,,8,0,0,0,1
"23-SR-14",2012-02-16,0,777,777,777,0,0,0,777,777,777,41,0,3850,1980-01-08,0,0,1,0,0,0,0,,1,0,0,0,1
"39-JU-23",2012-02-09,1,777,777,0,0,0,0,777,777,777,39,1,3100,1983-05-30,0,0,0,1,0,0,0,,8,0,0,0,1
"83-GM-03",2011-09-29,0,777,777,777,0,0,0,777,777,777,39,1,3510,1972-12-19,1,0,0,0,0,0,0,,3,0,0,0,1
"64-AZ-96",2011-02-11,1,777,777,0,0,0,0,777,777,777,39,0,3591,1979-07-09,1,0,0,0,0,0,0,,7,0,0,0,1
"55-ZL-32",2012-05-31,1,777,777,777,0,0,0,,,,39,1,3070,1980-01-25,1,0,0,0,0,0,0,,7,0,0,0,1
"99-QA-98",2012-03-01,2,777,777,777,0,0,0,,,,41,1,3608,1986-08-04,0,0,0,0,0,0,1,"Persian",8,0,0,0,1
"76-RP-70",2012-05-11,1,777,777,777,0,0,0,777,777,777,37,0,2944,1987-07-28,1,0,0,0,0,0,0,,7,1,0,1,1
"84-ED-75",2012-05-09,0,777,777,777,0,0,0,777,777,777,40,0,3282,1984-09-28,1,0,0,0,0,0,0,,5,0,0,0,1
"12-DZ-79",2012-07-12,1,777,777,777,0,0,0,777,777,0,39,1,3005,1975-07-10,0,0,1,0,0,0,0,,7,0,1,0,1
"51-BL-38",2012-04-27,0,777,777,777,0,0,0,777,777,777,39,1,3100,1982-12-26,1,1,0,0,0,0,0,,7,0,0,0,1
"42-WC-43",2011-08-15,1,777,777,0,0,0,0,777,777,777,39,0,4075,1984-07-17,1,0,1,0,0,0,0,,8,0,0,0,1
"95-TY-50",2010-11-29,1,777,777,777,0,0,0,777,777,777,39,1,3380,1990-12-17,1,0,0,0,0,0,0,,8,0,0,0,1
"52-FU-39",2012-02-17,0,777,777,0,0,0,0,777,777,777,40,0,3630,1983-07-29,1,0,0,0,0,0,0,,7,0,1,0,1
"46-KD-94",2012-02-07,0,777,777,0,0,0,0,777,777,777,40,1,3585,1978-01-30,0,0,0,0,1,0,0,,5,0,0,0,1
"42-BA-35",2011-07-08,0,777,777,777,0,0,0,777,777,777,38,0,3200,1977-07-28,0,0,0,0,1,0,0,,8,0,0,0,1
"43-BI-42",2010-09-27,0,777,777,777,0,0,0,777,777,777,40,1,3650,1980-03-18,1,0,0,0,0,0,0,,4,0,1,0,1
"29-AU-96",2010-08-13,1,777,777,1,0,0,0,0,777,777,40,0,3649,1978-04-22,1,0,0,0,0,0,0,,6,0,1,0,1
"66-TP-83",2011-01-04,0,777,777,777,888,888,888,777,777,777,39,1,3701,1983-07-16,1,0,0,0,0,0,0,,5,0,0,1,1
"02-FC-23",2012-02-06,0,777,777,777,0,0,0,777,777,777,39,1,3388,1980-11-29,0,1,0,0,0,0,0,,,0,0,0,1
"17-PF-14",2011-11-29,1,777,777,777,0,0,0,777,777,0,41,1,4124,1981-10-22,1,0,0,0,0,0,0,,8,0,0,0,1
"08-KH-10",2011-09-02,0,777,777,777,,,,,888,,40,0,3297,1976-07-20,0,0,0,0,1,0,0,,7,0,0,1,1
"16-HP-73",2011-04-12,1,777,777,777,0,0,0,,,,41,1,3715,1979-01-27,0,0,0,1,0,0,0,,8,,0,0,1
"30-CT-24",2011-05-04,0,777,777,777,0,0,0,777,777,777,38,1,3200,1979-12-29,0,0,0,1,0,0,0,,5,0,0,0,1
"27-QM-44",2010-08-24,1,777,777,777,0,0,0,777,777,777,38,0,3615,1977-09-15,1,0,0,0,0,0,0,,5,0,0,0,1
"99-OS-98",2012-07-05,1,0,777,777,0,0,0,777,0,0,40,0,3545,1978-12-09,0,1,0,0,0,0,0,,4,0,0,,1
"61-EY-86",2012-02-01,0,777,777,777,0,0,0,777,777,777,39,0,3020,1980-10-30,1,0,0,0,0,0,0,,3,0,0,0,1
"47-HF-33",2012-02-01,0,777,777,777,0,0,0,777,777,0,39,0,3442,1982-06-07,1,0,0,0,0,0,0,,6,0,0,0,1
"41-HW-35",2012-03-26,0,777,777,777,0,0,0,777,777,777,39,0,3330,1979-01-08,1,0,0,0,0,0,0,,8,0,0,0,1
"25-GX-94",2011-02-28,0,777,777,777,0,0,0,0,777,777,41,1,3875,1972-05-07,0,0,1,0,0,0,0,,8,0,0,0,1
"94-UL-88",2011-10-19,0,777,777,777,0,0,0,777,777,777,36,0,2610,1980-03-01,0,0,0,1,0,0,0,,7,0,0,0,1
"64-IU-46",2011-11-14,1,777,777,0,0,0,0,,,,38,1,2655,1993-09-17,1,0,0,0,0,0,0,,7,1,0,0,1
"26-LB-85",2010-09-03,1,777,777,777,0,0,0,777,777,0,40,0,3936,1976-10-13,0,0,0,0,0,0,1,"Jewish",4,0,0,0,1
"01-ZS-29",2012-02-22,1,777,777,777,0,0,0,,,,39,1,3340,1978-05-18,1,0,0,0,0,0,0,,8,0,0,0,1
"42-CU-25",2010-10-20,0,777,777,777,,,,,,,40,0,3591,1977-02-11,1,0,0,0,0,0,0,,7,1,1,0,1
"07-ZI-03",2012-05-01,1,777,777,777,,,,777,777,777,38,0,3210,1977-06-12,0,0,0,1,0,0,0,,8,0,0,0,1
"10-DE-95",2011-08-09,0,777,777,0,0,0,0,777,777,777,39,1,2590,1983-09-30,0,0,1,0,0,0,0,,7,1,0,0,1
"87-CO-68",2012-05-04,0,777,777,777,0,0,0,777,777,777,38,1,3439,1977-03-09,0,0,0,1,0,0,0,,4,0,0,0,1
"79-VS-85",2012-04-10,2,777,777,0,0,0,0,777,777,0,40,1,3080,1980-10-18,0,0,0,0,0,1,0,,8,0,0,0,1
"86-CR-49",2011-08-24,1,777,777,2,0,0,0,777,777,777,40,1,3008,1983-03-25,1,0,0,0,0,0,0,,6,1,0,0,1
"80-UJ-19",2011-12-22,1,777,777,777,0,0,0,777,777,777,39,1,3410,1981-12-03,0,0,0,0,0,0,1,"Turkish",8,0,0,0,1
"27-KR-50",2011-09-14,0,777,777,777,0,0,0,0,777,777,40,1,4184,1980-11-20,1,0,0,0,0,0,0,,6,0,1,0,1
"46-MC-19",2011-01-13,0,777,777,777,0,0,0,777,777,777,39,1,2948,1979-03-09,1,0,0,0,0,0,0,,8,0,0,0,1
"61-FD-56",2012-02-20,1,777,777,777,,,,,,,41,0,3660,1985-12-21,0,0,0,0,1,0,0,,3,0,0,0,1
"24-LV-48",2011-04-21,1,777,777,777,0,0,0,777,777,0,40,0,4076,1982-10-01,1,0,0,0,0,1,0,,3,0,0,0,1
"56-PF-42",2012-03-05,2,777,777,777,0,0,0,777,777,777,39,1,3290,1981-11-30,1,0,0,0,0,0,0,,8,0,0,0,1
"59-FE-10",2012-06-21,0,777,777,777,0,0,0,777,777,777,41,1,3850,1977-04-03,0,0,0,1,0,0,0,,7,0,0,0,1
"20-VL-77",2012-01-11,0,777,777,777,888,888,888,777,0,0,38,0,3688,1968-06-05,1,0,0,0,0,0,0,,4,0,0,0,1
"99-EB-12",2011-09-22,1,777,777,0,0,0,0,777,777,777,39,1,3735,1982-09-05,0,0,1,1,0,0,0,,4,1,0,1,1
"39-LQ-93",2011-05-27,1,777,777,10,0,0,0,777,777,777,39,1,3185,1988-04-01,0,0,0,1,0,0,0,,7,0,0,0,1
"82-ML-63",2012-02-23,2,777,777,1,0,0,0,777,777,777,41,1,3590,1981-12-29,0,0,0,1,0,0,0,,8,0,0,0,1
"04-XE-28",2011-07-12,1,777,777,0,0,0,0,0,777,777,40,1,3850,1980-07-17,0,0,0,0,0,0,1,"Mixed",8,0,0,0,1
"75-IK-87",2011-11-25,1,777,777,777,0,0,0,777,777,777,39,0,3650,1980-12-03,0,0,0,0,0,0,1,"Arab",8,0,0,0,1
"63-OY-91",2012-04-24,1,777,777,777,0,0,3,777,777,777,40,0,3614,1983-05-24,1,0,0,0,0,0,0,,8,0,0,0,1
"85-DV-13",2012-01-18,0,777,777,777,0,0,0,0,777,777,41,1,4490,1980-08-26,0,0,0,0,0,0,1,"Persian",7,0,0,0,1
"24-GV-51",2011-08-31,1,777,777,0,0,0,0,777,777,0,34,1,2425,1972-06-20,0,0,0,0,0,1,0,,5,0,0,0,1
"75-EL-39",2012-04-27,1,0,777,777,0,0,0,777,777,777,41,0,2910,1983-10-26,0,0,0,0,1,0,0,,7,0,0,0,1
"88-GR-53",2011-10-04,2,777,777,777,0,0,0,777,777,777,37,1,2908,1973-12-04,0,0,0,1,0,0,0,,3,0,0,0,1
"31-TJ-44",2012-07-13,1,777,777,1,0,0,0,777,777,777,39,0,2770,1973-03-27,1,0,0,0,0,0,0,,8,0,0,0,1
"33-KQ-59",2011-11-04,1,777,777,777,0,0,0,777,777,0,39,1,3510,1981-03-20,1,0,0,0,0,0,0,,4,0,1,0,1
"91-YI-04",2011-11-08,2,777,777,0,0,0,0,777,777,0,40,0,3250,1975-01-10,1,0,0,0,0,0,0,,8,0,0,0,1
"81-HG-64",2011-04-27,1,777,777,777,0,0,0,777,777,777,37,0,3232,1983-03-17,1,0,0,0,0,0,0,,4,0,0,1,1
"41-RO-38",2012-04-17,1,777,777,777,0,0,0,777,777,777,40,0,3520,1970-10-11,1,0,0,0,0,0,0,,8,0,0,0,1
"20-DB-39",2011-06-08,1,777,777,777,0,0,0,777,777,777,38,1,2945,1975-05-15,1,0,0,0,0,0,0,,7,1,0,0,1
"24-HU-11",2011-08-22,1,777,777,777,0,0,0,777,777,777,40,0,3980,1981-11-11,1,0,0,0,0,0,0,,8,0,0,0,1
"79-NC-76",2011-06-15,1,777,777,0,0,0,0,777,777,777,39,1,3492,1980-01-28,0,0,0,0,0,1,0,,8,0,0,0,1
"64-UF-25",2010-09-22,1,777,777,0,0,0,0,777,777,777,,0,2900,1987-03-02,1,0,0,0,0,0,0,,8,0,0,0,1
"50-MV-49",2011-03-31,0,777,777,777,0,0,0,777,777,777,38,0,3395,1973-03-17,1,0,0,0,0,0,0,,8,0,0,0,1
"28-ZS-57",2011-08-08,1,777,777,777,0,0,0,777,777,0,41,1,3892,1976-03-29,1,0,0,0,0,0,0,,7,0,0,1,1
"36-PR-27",2010-06-07,1,777,777,0,0,0,0,777,777,0,38,1,3080,1974-09-10,,,,,,,,,8,0,0,0,1
"36-ZE-64",2010-12-02,1,777,777,0,0,0,0,777,777,777,41,1,3135,1973-10-25,1,0,0,0,0,0,0,,8,0,0,0,1
"71-IG-78",2010-12-08,1,777,777,0,0,0,0,777,777,0,41,0,3450,1981-10-28,0,0,0,1,0,0,0,,4,0,0,0,1
"50-CH-61",2012-06-08,0,777,777,777,0,0,0,777,777,777,39,1,3855,1974-03-22,1,0,0,0,0,0,0,,3,0,0,0,1
"65-EG-23",2011-05-24,1,777,777,777,0,0,0,777,777,777,39,0,3121,1978-12-03,1,0,0,0,0,0,0,,8,0,0,0,1
"25-QU-01",2010-11-03,1,777,777,777,0,0,0,777,777,0,41,0,3877,1977-05-11,1,0,0,0,0,0,0,,3,0,0,0,1
"62-RC-41",2010-12-13,0,777,777,0,0,0,0,0,777,777,40,1,3680,1978-04-08,1,0,0,1,0,0,0,,5,1,0,0,1
"54-BB-20",2012-03-26,1,777,777,0,0,0,0,777,777,0,38,0,3160,1978-11-11,0,0,0,0,1,0,0,,8,0,0,0,1
"35-MP-46",2011-05-09,1,0,777,777,0,0,0,777,777,777,39,0,3756,1975-01-26,0,0,0,0,0,1,0,,8,0,0,0,1
"07-WJ-28",2011-11-18,1,777,777,0,0,0,0,777,777,777,35,0,2290,1983-06-04,1,0,0,0,0,0,0,,7,0,0,0,1
"19-FT-24",2012-02-28,6,0,777,777,0,0,0,777,777,0,38,0,4106,1975-06-27,0,0,1,0,0,0,0,,,0,0,0,1
"86-NZ-83",2012-02-02,1,0,777,777,,,,777,777,777,37,1,3145,1976-10-01,1,0,0,0,0,0,0,,8,0,0,0,1
"61-EK-50",2011-05-27,1,777,777,0,0,0,0,777,777,777,40,0,2804,1992-10-08,1,0,0,0,0,0,0,,6,0,0,0,1
"99-BP-18",2011-12-08,0,777,777,777,0,0,0,777,777,777,34,1,2834,1978-09-06,1,0,0,0,0,0,0,,8,0,0,0,1
"25-TT-10",2011-05-11,0,777,777,777,0,0,0,777,777,777,40,1,3460,1973-01-21,1,0,0,0,0,0,0,,8,0,0,0,1
"48-CB-02",2012-01-23,0,777,777,777,0,0,0,777,777,777,39,0,3620,1988-01-23,1,0,0,0,0,0,0,,7,1,0,0,1
"28-OI-81",2010-12-21,1,777,777,777,0,0,0,777,777,777,38,0,3370,1977-03-08,1,0,0,0,0,0,0,,7,0,0,0,1
"17-QO-32",2011-08-09,0,777,777,777,0,0,0,777,777,777,40,0,3304,1984-03-05,0,0,0,0,1,0,0,,3,0,0,0,1
"50-GD-17",2011-01-15,1,0,777,777,0,0,0,0,777,777,41,1,3140,1976-08-14,1,0,0,0,0,0,0,,8,0,0,0,1
"97-UZ-68",2012-06-13,1,0,777,777,0,0,0,777,777,777,40,0,2910,1970-01-04,0,0,0,0,1,0,0,,7,0,0,0,1
"61-ZC-76",2011-01-20,3,777,777,777,0,0,0,777,777,777,39,1,3645,1973-03-16,0,0,1,0,0,0,0,,6,0,0,0,1
"48-OR-57",2011-09-26,1,777,777,3,0,0,0,777,777,777,39,0,3685,1985-03-07,0,0,1,0,0,0,0,,7,0,0,0,1
"98-IX-20",2012-05-10,0,777,0,777,0,0,0,0,777,0,39,1,3340,1982-12-28,0,0,0,0,1,1,0,,7,0,0,0,1
"74-YB-13",2011-10-11,0,777,777,0,0,0,0,777,777,777,38,1,3160,1979-07-01,0,0,0,1,0,0,0,,8,0,0,0,1
"62-IU-76",2011-06-23,4,777,777,0,0,0,0,777,777,777,40,0,3880,1979-11-20,0,0,0,0,0,0,1,"Mixed",7,0,1,0,1
"76-HL-37",2011-05-17,1,777,777,0,0,0,0,777,777,0,39,0,3095,1981-06-21,1,0,0,0,0,0,0,,3,0,0,0,1
"97-RX-42",2012-01-13,0,777,777,777,0,0,0,777,777,777,39,1,3660,1980-05-14,1,0,0,0,0,0,0,,7,0,1,0,1
"55-FS-86",2012-03-19,1,0,777,777,0,0,0,777,777,777,41,0,3660,1982-02-22,0,0,0,0,0,1,0,,8,0,0,0,1
"59-YZ-53",2012-03-14,0,0,777,777,0,0,0,0,777,0,,0,2570,1976-01-31,1,0,0,0,0,0,0,,4,0,0,0,1
"19-YC-86",2011-04-04,1,777,777,777,0,0,0,777,777,777,40,0,4110,1982-09-12,1,0,0,0,0,0,0,,8,0,0,0,1
"58-PH-97",2011-04-28,1,0,777,777,0,0,0,777,777,0,38,1,2966,1983-07-07,1,0,0,0,0,0,0,,4,0,0,0,1
"98-KK-96",2010-10-29,1,777,777,0,0,0,0,777,777,0,39,0,3095,1980-07-16,1,0,0,0,0,0,0,,6,1,0,0,1
"93-RY-64",2011-11-25,0,777,777,777,0,0,0,777,0,777,40,0,4040,1979-09-27,1,0,0,0,0,0,0,,4,0,0,0,1
"62-WW-24",2012-03-15,0,777,777,777,0,0,0,777,777,777,41,0,3714,1981-08-25,1,0,0,0,0,0,0,,8,0,,0,1
"71-GV-37",2012-05-18,1,777,777,777,0,0,0,777,777,777,39,1,2960,1978-06-15,0,0,0,1,0,0,0,,8,0,0,0,1
"28-KO-46",2011-05-31,1,777,777,777,0,0,0,0,777,777,38,1,3040,1979-11-05,0,0,0,1,0,0,0,,8,0,0,0,1
"12-EK-45",2012-03-13,1,777,777,1,0,0,0,777,777,0,41,1,3770,1980-03-01,1,0,0,0,0,0,0,,7,0,0,0,1
"55-PF-83",2011-05-13,1,0,777,777,0,0,0,777,777,777,39,0,3590,1975-12-17,1,0,0,0,0,0,0,,8,0,0,0,1
"84-BN-64",2012-03-02,0,777,777,0,0,0,0,777,777,777,34,1,2330,1975-04-27,1,0,0,0,0,0,0,,7,0,0,0,1
"97-MN-52",2011-08-11,1,0,777,777,0,0,0,777,777,777,41,1,3400,1981-10-18,1,0,0,0,0,0,0,,8,0,0,0,1
"99-NB-84",2012-02-09,2,777,777,0,0,0,0,777,777,777,40,0,3070,1976-11-13,1,0,0,0,0,0,0,,7,0,0,0,1
"49-UT-78",2012-04-26,0,777,777,777,0,0,0,777,777,777,39,0,3418,1983-01-20,1,0,0,0,0,0,0,,5,0,0,0,1
"39-XB-24",2010-10-21,1,0,777,777,0,0,0,0,777,777,41,1,3380,1981-07-17,0,0,0,0,0,0,1,"Jewish",7,0,1,0,1
"32-EI-57",2011-09-15,1,0,777,777,0,0,0,777,777,777,38,0,3250,1979-06-29,0,0,0,0,0,1,0,,7,0,0,,1
"02-KJ-92",2012-05-23,0,777,777,777,0,0,0,777,777,777,40,0,3390,1973-09-05,1,0,0,0,1,0,0,,8,0,0,0,1
"12-TM-69",2010-09-23,1,777,777,777,0,0,0,777,777,777,39,0,3005,1987-03-06,0,0,0,0,1,0,0,,8,0,0,0,1
"21-HV-48",2011-06-28,1,777,777,3,0,0,0,777,777,777,40,0,4270,1979-11-20,0,0,0,0,0,0,1,"Turkish",6,0,0,0,1
"21-HA-16",2011-10-28,0,0,777,777,0,0,0,777,777,777,39,0,4055,1976-06-21,1,0,0,0,0,0,0,,7,0,0,0,1
"16-VA-02",2012-03-13,0,777,777,0,0,0,0,777,777,777,39,0,3997,1980-09-22,1,0,0,0,0,0,0,,7,0,0,0,1
"70-RG-10",2012-06-29,1,777,777,0,0,0,0,0,777,777,37,0,2900,1983-07-10,1,0,0,0,0,0,0,,5,0,0,0,1
"36-PD-66",2011-05-24,1,777,777,777,,,,777,777,777,34,0,2370,1978-01-02,1,0,0,0,0,0,0,,5,0,0,0,1
"88-NV-67",2011-01-27,1,777,777,777,0,0,0,777,777,777,41,1,3805,1981-11-08,1,0,0,0,0,0,0,,1,0,0,0,1
"41-AY-45",2012-03-13,1,777,777,0,0,0,0,777,777,777,40,0,3380,1982-03-20,1,0,0,0,0,0,0,,4,0,0,0,1
"20-FA-92",2011-10-04,0,777,777,0,0,0,0,777,777,777,41,0,3750,1977-09-22,1,0,0,0,0,0,0,,8,0,0,0,1
"29-NQ-89",2012-06-01,1,777,777,777,0,0,0,777,777,777,41,0,3590,1978-12-03,1,0,0,0,0,0,0,,8,0,0,0,1
"64-CE-42",2012-06-06,1,777,777,0,0,0,0,0,777,777,40,1,4050,1975-11-27,1,0,0,0,0,0,0,,8,0,0,0,1
"21-NA-84",2011-04-20,1,777,777,0,0,0,0,777,777,777,40,1,3260,1983-08-30,1,0,0,0,0,0,0,,3,0,0,0,1
"46-SD-48",2012-01-16,0,777,777,777,0,0,0,777,777,0,38,1,2870,1981-01-11,0,0,0,0,0,0,1,"Turkish",7,0,0,1,1
"81-ZD-60",2012-04-26,1,777,777,777,,,,,,,40,1,2750,1971-08-20,1,0,0,0,0,0,0,,7,0,0,0,1
"55-DJ-00",2012-01-31,0,777,777,777,0,0,0,777,777,777,39,1,3160,1979-08-30,0,0,0,1,0,0,0,,3,0,0,0,1
"57-XU-91",2010-10-14,0,777,777,777,0,0,0,,,,40,0,3960,1977-06-28,1,0,0,0,0,0,0,,5,0,1,0,1
"66-YG-21",2011-01-18,1,0,777,777,0,0,0,777,777,777,41,1,3750,1984-03-19,0,0,0,1,0,0,0,,8,0,0,0,1
"73-WT-25",2011-05-17,0,777,777,777,,,,,,,41,1,3385,1980-08-11,1,0,0,0,0,0,0,,4,0,0,0,1
"79-UR-74",2012-03-06,1,777,777,0,0,0,0,777,777,777,38,1,3450,1989-03-03,1,0,0,0,0,0,0,,6,1,0,0,1
"37-EC-83",2012-03-14,0,777,777,777,0,0,0,777,777,777,40,1,3260,1983-06-26,1,0,0,0,0,0,0,,4,0,0,0,1
"15-EM-69",2012-04-02,0,777,777,777,0,0,0,777,777,777,41,1,3212,1976-03-02,0,0,0,0,1,0,0,,4,,0,0,1
"68-HW-38",2012-04-18,1,777,777,777,0,0,0,777,777,777,39,0,3442,1980-06-03,0,0,0,0,0,0,1,"Mixed",8,0,0,0,1
"36-CV-65",2011-02-04,0,0,0,0,0,0,0,777,777,777,39,1,2898,1980-12-03,1,0,0,0,0,0,0,,3,0,0,0,1
"09-VB-34",2010-07-06,1,777,777,777,0,0,0,777,777,0,40,1,2360,1987-02-11,1,0,0,0,0,0,0,,7,0,1,0,1
"63-VP-07",2011-12-15,1,777,777,2,0,0,0,777,777,777,37,0,2920,1985-04-26,0,0,0,0,0,0,1,"Turkish",1,0,0,,1
"42-GT-20",2012-01-24,0,777,777,777,0,0,0,777,777,777,38,0,3380,1978-09-18,1,0,0,0,0,0,0,,8,0,0,0,1
"04-CB-77",2010-11-26,0,777,777,777,0,0,0,777,777,0,36,1,2926,1975-06-07,,,,,,,,,8,0,0,0,1
"30-HA-05",2011-09-23,0,777,777,777,0,0,0,777,777,777,38,0,3384,1974-09-26,0,0,0,0,1,0,0,,8,0,0,0,1
"01-SW-96",2012-02-23,1,777,777,777,0,0,0,777,777,777,39,1,2900,1971-02-13,1,0,0,0,0,0,0,,8,0,0,0,1
"64-HR-61",2011-05-04,0,777,777,777,0,0,0,777,777,777,41,0,3380,1979-08-19,1,0,0,0,0,0,0,,3,0,0,0,1
"04-KP-28",2010-05-27,0,777,777,777,0,0,0,777,777,777,26,1,1000,1974-10-18,0,0,0,0,0,1,0,,8,0,0,0,1
"52-QT-59",2010-11-02,1,777,777,777,888,888,888,,,,40,1,4365,1979-07-16,0,0,1,0,0,0,0,,6,0,0,0,1
"81-NE-12",2011-03-23,1,777,777,777,0,0,0,,,,39,0,3316,1979-10-12,0,0,0,0,0,1,0,,8,0,0,0,1
"74-LX-91",2011-11-14,1,777,777,0,0,0,0,0,777,777,40,1,3185,1980-01-16,0,0,1,0,0,0,0,,8,0,0,0,1
"95-MK-74",2011-06-01,0,777,777,2,0,0,0,777,777,777,39,0,4100,1978-10-01,0,0,1,0,0,0,0,,8,0,0,0,1
"02-ZE-14",2011-10-04,1,777,777,2,0,0,0,0,777,777,40,1,4420,1981-11-08,0,0,0,1,0,0,0,,3,0,0,0,1
"07-CD-38",2010-12-09,1,777,777,0,0,0,0,888,,777,31,1,1715,1981-11-29,1,0,0,0,0,0,0,,3,0,0,0,1
"05-SN-19",2012-05-29,0,777,777,777,0,0,0,777,777,777,38,0,3013,1978-09-02,0,0,1,0,0,0,0,,8,0,0,0,1
"03-KO-78",2012-05-01,1,777,777,777,,,,,,,31,0,1070,1970-12-09,0,0,0,1,0,0,0,,4,1,0,0,1
"33-WR-58",2010-06-22,0,777,777,777,0,0,0,777,777,777,36,1,3055,1980-03-15,1,0,0,0,1,0,0,,5,0,0,0,1
"85-EU-99",2010-10-05,0,777,777,777,0,0,0,777,777,777,35,0,2250,1982-11-25,1,0,0,0,0,0,0,,6,0,0,0,1
"63-MA-58",2011-03-29,1,777,777,0,0,0,0,777,777,777,39,1,3554,1977-01-01,1,0,0,0,0,0,0,,5,1,0,0,1
"35-ES-69",2011-03-09,1,0,777,777,0,0,0,777,777,777,39,0,3242,1982-04-08,1,0,0,0,0,0,0,,7,1,1,0,1
"58-WA-35",2012-05-30,1,777,777,0,0,0,0,0,777,777,37,1,2660,1980-02-16,1,0,0,0,0,0,0,,8,0,0,0,1
"12-PH-85",2012-04-16,0,777,777,777,0,0,0,777,777,777,38,0,3535,1971-12-10,1,0,0,0,0,0,1,"Turkish",8,0,0,0,1
"78-MK-94",2011-01-15,1,777,777,0,0,0,0,,,,37,0,2660,1978-03-20,1,0,0,0,0,0,0,,8,0,0,0,1
"95-SX-45",2012-02-29,1,777,0,777,0,0,0,777,777,777,40,1,3290,1978-05-04,0,0,0,0,0,0,1,"Turkish",3,1,0,0,1
"59-DA-99",2010-06-23,3,777,777,777,0,0,0,777,777,0,39,1,3750,1973-10-04,0,0,0,0,1,0,0,,8,0,0,0,1
"49-NH-06",2012-04-19,1,777,777,777,0,0,0,777,777,777,40,0,3160,1980-02-05,1,0,0,0,0,0,0,,8,0,0,0,1
"17-HX-39",2012-03-29,0,777,777,777,0,0,0,777,777,777,40,0,3535,1978-04-23,0,0,1,0,0,0,0,,3,1,0,0,1
"62-BV-27",2011-12-21,1,777,777,0,0,0,0,0,777,777,41,1,3555,1975-11-20,1,0,0,0,0,0,0,,5,0,1,0,1
"67-RM-98",2011-01-19,1,777,777,777,0,0,0,777,777,777,41,1,3600,1981-12-06,1,0,0,0,0,0,0,,4,0,0,0,1
"53-NX-74",2010-11-26,1,777,777,1,0,0,0,777,777,777,38,0,3250,1983-01-31,1,0,0,0,0,0,0,,7,0,0,0,1
"07-DB-87",2010-12-10,1,777,777,1,0,0,0,777,777,777,39,0,3732,1982-09-15,1,0,0,0,0,0,0,,8,0,0,0,1
"24-TV-59",2012-01-12,1,0,777,777,0,0,0,777,777,777,38,1,2875,1976-09-04,1,0,0,0,0,0,0,,7,0,0,0,1
"24-IL-28",2012-04-24,1,777,777,777,,,,,,,23,1,336,1977-09-23,1,0,0,0,0,0,0,,6,0,0,0,1
"17-BX-31",2011-06-30,0,777,777,777,0,0,0,,,,40,0,4160,1982-06-05,0,1,0,0,0,0,0,,4,0,0,0,1
"08-ZX-02",2010-11-24,1,777,777,0,0,0,0,777,777,888,39,0,3845,1979-05-25,0,0,0,0,1,0,0,,3,0,0,0,1
"84-GK-34",2010-08-18,0,777,777,777,0,0,0,777,777,777,38,1,3010,1977-12-31,0,0,0,0,0,0,1,"Jewish",6,0,0,0,1
"50-AZ-24",2011-02-09,0,777,777,777,0,0,0,777,777,777,40,0,3430,1980-03-26,0,0,1,0,0,0,0,,8,0,0,0,1
"86-AI-00",2012-02-24,1,777,777,777,0,0,0,777,777,777,39,1,3250,1979-03-23,0,0,0,1,0,0,0,,8,0,0,0,1
"52-EM-85",2011-08-31,1,888,888,888,0,0,0,777,777,777,41,1,3455,1972-11-19,1,0,0,0,1,0,0,,6,0,0,0,1
"24-YZ-99",2012-01-27,1,777,777,777,0,0,0,777,777,777,40,1,3657,1989-01-10,0,0,1,0,0,0,0,,1,0,0,0,1
"95-NP-38",2011-06-01,0,777,777,0,0,0,0,777,777,0,39,1,4110,1967-11-17,1,0,0,0,0,0,0,,6,1,0,0,1
"05-HX-55",2012-01-23,1,777,777,777,0,0,3,0,777,777,38,0,3080,1987-03-21,1,0,0,0,0,0,0,,8,0,0,0,1
"07-JK-14",2012-02-23,2,777,777,1,0,0,0,777,777,777,41,1,3580,1981-11-30,0,0,0,0,0,0,1,"Persian",7,0,0,1,1
"03-TE-91",2011-01-13,0,777,777,0,0,0,0,,,,35,0,2130,1976-02-09,1,0,0,0,0,0,0,,8,0,0,0,1
"19-LT-34",2010-12-17,1,777,777,0,0,0,0,777,777,777,40,0,3550,1985-11-04,,,,,,,,,8,0,0,0,1
"36-ZR-90",2012-03-14,0,777,777,777,,,,777,777,777,39,1,3400,1978-02-11,0,0,0,1,0,0,0,,8,0,0,0,1
"26-RK-33",2011-10-31,0,777,777,2,0,0,0,777,777,777,40,1,3345,1982-10-22,1,0,0,0,0,0,0,,8,0,0,0,1
"74-YV-39",2012-03-12,0,777,777,777,0,0,0,777,777,777,39,1,3686,1972-10-24,,,,,,,,,7,0,0,0,1
"95-DT-98",2011-11-04,1,777,777,777,0,0,0,777,777,777,38,1,3195,1981-07-28,1,0,0,0,0,0,0,,8,0,0,0,1
"91-ZX-02",2011-10-19,1,0,777,777,0,0,0,777,777,0,38,1,3558,1973-12-24,1,0,0,0,0,0,0,,7,0,0,0,1
"83-VE-98",2011-04-12,1,777,777,1,0,0,0,777,777,0,38,1,3130,1985-01-07,1,0,0,0,0,0,0,,8,0,0,0,1
"44-QK-84",2010-11-10,1,777,777,777,0,0,0,777,777,777,36,0,2926,1973-02-07,1,0,0,0,0,0,0,,7,0,0,0,1
"44-FI-95",2011-06-14,0,777,777,777,0,0,0,777,777,0,38,1,3630,1989-06-08,0,0,0,1,0,0,0,,7,0,0,0,1
"97-BT-69",2011-10-17,0,777,777,777,0,0,0,777,777,777,38,1,3170,1985-04-24,0,0,0,0,0,1,0,,6,0,1,0,1
"90-IK-39",2010-07-23,1,777,777,777,0,0,0,777,777,777,41,1,3944,1984-09-26,0,0,0,1,0,0,1,"Arab",4,1,0,0,1
"19-XD-44",2010-10-22,1,777,777,777,0,0,0,777,777,777,39,0,3360,1980-04-09,1,0,0,0,0,0,1,"Turkish",5,0,0,0,1
"47-SF-85",2010-07-13,0,777,777,777,0,0,0,777,777,777,40,1,3764,1985-04-19,1,0,0,0,0,0,0,,7,0,1,0,1
"64-WD-27",2012-01-11,0,777,777,777,0,0,0,777,777,777,40,0,2985,1968-12-31,1,0,0,0,0,0,0,,4,1,0,0,1
"05-QG-73",2011-02-16,1,777,777,0,0,0,0,777,777,0,40,0,3470,1974-11-16,0,1,0,0,0,0,0,,7,0,0,0,1
"20-GX-30",2012-06-06,0,777,777,0,0,0,0,777,777,777,39,0,3590,1983-05-20,1,0,0,0,0,0,0,,7,0,0,1,1
"96-CI-09",2011-07-14,1,777,777,0,0,0,0,777,777,0,38,0,3712,1983-12-16,1,0,0,0,0,0,0,,7,0,0,0,1
"96-HB-94",2010-08-04,1,777,0,777,0,0,0,777,777,777,40,0,2615,1973-11-01,1,0,0,0,0,0,0,,7,0,0,0,1
"31-JA-20",2012-03-12,1,777,777,0,0,0,0,777,777,777,40,1,3024,1978-06-20,0,0,0,0,0,0,1,"Persian",8,0,0,0,1
"10-FA-25",2011-08-09,0,777,777,777,0,0,0,777,777,777,39,1,3510,1979-10-16,0,1,0,0,0,0,0,,7,0,0,0,1
"73-XC-84",2010-06-28,1,777,777,777,0,0,0,777,777,777,37,1,2380,1987-07-26,1,0,0,0,0,0,0,,7,0,0,0,1
"49-OX-98",2011-07-05,1,777,777,0,0,0,0,777,777,777,38,0,3690,1984-07-09,0,0,0,0,0,1,0,,7,0,0,0,1
"82-OG-16",2010-07-08,1,777,777,777,0,0,0,777,777,777,40,0,3234,1978-06-02,1,0,0,0,0,0,0,,8,0,0,0,1
"43-SA-04",2010-10-20,0,777,777,777,0,0,0,777,777,777,40,1,3936,1980-02-19,1,0,0,0,0,0,0,,8,0,0,0,1
"76-JK-12",2011-11-22,1,777,777,0,0,0,0,777,777,777,39,1,2895,1984-02-18,1,0,0,0,0,0,0,,3,0,0,0,1
"87-SS-41",2011-05-11,0,777,777,777,0,0,0,777,777,777,39,1,3460,1983-10-19,1,0,0,0,0,0,0,,8,0,0,0,1
"31-YV-26",2012-02-15,3,0,777,777,0,0,0,777,777,777,39,0,2945,1979-04-28,0,0,1,0,0,0,0,,7,0,1,0,1
"51-VB-46",2012-04-30,0,777,777,0,0,0,0,777,777,0,39,0,4100,1981-11-06,1,0,0,0,0,0,0,,4,,,0,1
"15-GA-80",2012-05-24,0,777,777,777,0,0,0,777,777,777,40,1,3660,1983-12-03,1,0,0,0,0,0,0,,8,0,0,0,1
"90-CQ-53",2011-09-23,1,777,777,0,0,0,0,,,,34,1,2834,1980-06-24,1,0,0,0,0,0,0,,3,0,0,0,1
"54-DH-41",2011-08-19,1,777,777,777,0,0,0,777,777,777,38,0,2800,1981-01-03,1,0,0,0,0,0,0,,7,0,0,0,1
"40-XZ-76",2011-01-13,1,777,777,0,0,0,0,777,777,777,40,0,4300,1976-06-16,0,0,0,0,1,0,0,,8,0,0,0,1
"29-XN-68",2012-05-16,1,777,777,777,0,0,0,777,777,777,35,0,2520,1982-11-30,1,0,0,0,0,0,0,,8,0,0,0,1
"39-TC-58",2011-11-01,0,777,777,777,,,,,,,40,1,3310,1982-01-19,1,0,0,0,0,0,0,,7,0,0,0,1
"68-AZ-32",2010-12-13,0,777,777,777,0,0,0,777,777,777,38,0,3609,1982-07-16,1,0,0,0,0,0,0,,6,0,0,1,1
"70-PR-88",2011-01-07,1,777,777,777,0,0,0,777,777,777,40,1,3605,1982-04-18,1,0,0,0,0,0,0,,5,0,0,0,1
"18-FL-33",2011-10-24,1,777,777,777,0,0,0,777,777,777,40,0,4120,1978-07-29,1,0,0,0,0,0,0,,8,0,0,0,
"50-HH-00",2012-06-21,2,777,777,0,,,,,,,35,0,3230,1989-09-12,1,0,0,0,0,0,0,,3,0,0,0,1
"71-YY-22",2012-01-06,0,777,777,0,0,0,0,777,777,777,37,1,2195,1985-07-08,0,0,0,1,0,0,0,,3,0,0,0,1
"80-CG-17",2011-05-20,1,777,777,0,,,,,,,39,0,3005,1989-09-26,1,0,0,0,0,0,0,,5,0,0,0,1
"56-OB-93",2012-02-21,1,777,777,0,0,0,0,777,777,777,40,0,3740,1988-12-28,1,0,0,0,0,0,0,,4,0,0,0,1
"67-NO-43",2011-12-12,1,777,777,777,0,0,0,777,777,777,39,0,3364,1988-09-15,1,0,0,0,0,0,0,,8,0,0,0,1
"17-GG-78",2011-04-07,1,777,777,777,0,0,0,777,777,777,39,0,3190,1978-10-20,1,0,0,0,0,0,0,,4,0,0,0,1
"63-HG-31",2011-07-13,0,777,777,777,0,0,0,777,777,777,38,0,3484,1985-04-10,0,0,0,0,0,1,0,,8,0,0,0,1
"26-DU-32",2011-12-22,1,777,777,0,0,0,0,777,777,777,38,0,3250,1981-03-02,1,0,0,1,0,0,0,,7,1,0,0,1
"97-UI-04",2010-11-11,0,777,777,777,0,0,0,777,777,777,38,0,3440,1980-10-29,1,0,0,0,0,0,0,,5,0,0,0,1
"10-LY-43",2012-03-09,0,888,999,888,0,0,0,777,777,777,40,0,3628,1974-04-28,1,0,0,0,0,0,0,,5,0,,0,1
"89-HU-02",2012-01-12,0,777,777,777,,,,,,,20,0,870,1968-01-12,0,0,0,0,1,0,0,,6,0,0,0,1
"62-IP-24",2011-04-26,0,999,888,1,0,0,0,777,777,777,41,0,3135,1977-07-29,0,0,0,0,1,0,0,,8,0,0,0,1
"04-EP-42",2011-08-26,1,777,777,0,0,0,0,777,777,0,37,1,4920,1980-08-23,1,0,0,0,0,0,0,,7,0,1,0,1
"07-VS-08",2011-04-19,1,777,777,777,0,0,0,777,777,0,41,0,4139,1982-10-19,0,0,1,0,0,0,0,,1,1,0,0,1
"90-FB-06",2011-12-14,0,777,777,777,0,0,0,777,777,777,42,1,3630,1979-03-01,1,0,0,0,0,0,0,,8,0,0,0,1
"85-XV-21",2011-09-06,0,777,777,777,0,0,0,777,777,777,39,1,3815,1978-03-22,0,0,0,0,1,0,0,,3,0,0,0,1
"39-NN-82",2012-02-10,1,777,777,4,0,0,0,777,777,777,37,1,2435,1986-04-07,1,0,0,0,0,0,0,,3,0,0,0,1
"00-JN-28",2012-02-24,1,777,777,777,0,0,0,777,777,777,41,1,3240,1986-01-17,1,0,0,0,0,0,0,,8,,0,0,1
"41-RK-49",2011-08-24,1,777,777,0,0,0,0,777,777,777,41,0,4250,1977-01-06,1,0,0,0,0,0,0,,3,0,0,0,1
"50-OR-25",2012-03-02,1,0,777,777,0,0,0,777,777,777,39,1,3630,1975-12-19,1,0,0,0,0,0,0,,5,0,0,0,1
"13-WM-98",2011-10-04,1,777,777,0,0,0,0,777,777,0,41,0,4905,1984-04-24,1,0,0,0,0,0,0,,7,,0,0,1
"95-AZ-32",2012-01-04,0,777,0,777,0,0,0,777,777,777,38,1,3370,1983-08-01,1,0,0,0,0,0,0,,8,0,0,0,1
"72-EX-03",2011-03-02,0,777,777,777,0,0,0,777,777,777,40,0,3878,1971-10-29,0,0,0,1,0,0,0,,3,0,0,0,1
"56-CA-86",2011-05-10,1,777,777,777,0,0,0,777,777,777,41,0,3320,1984-07-11,1,0,0,0,0,0,0,,3,0,0,0,1
"40-EG-57",2011-11-22,0,777,777,777,0,0,0,777,777,777,37,1,2905,1981-08-14,1,0,0,0,0,0,0,,7,0,0,0,1
"71-JF-94",2010-12-07,1,777,777,1,0,0,0,777,777,0,39,1,3925,1985-11-01,1,0,0,1,0,0,0,,7,0,0,0,1
"88-PN-47",2011-07-19,0,777,777,777,0,0,0,777,777,777,39,0,3286,1986-06-17,1,0,0,0,0,0,0,,7,0,0,0,1
"38-EM-48",2011-11-30,1,888,888,888,0,0,0,777,777,777,39,0,3320,1982-08-25,1,0,0,0,0,0,0,,5,0,0,0,1
"25-TG-49",2012-04-26,0,777,777,777,0,0,0,777,777,777,37,0,2570,1983-09-04,1,0,0,0,0,0,0,,7,0,0,0,1
"64-KO-29",2011-03-27,0,777,777,777,0,0,0,,,,39,1,3440,1972-02-17,0,0,0,0,1,0,0,,8,0,0,0,1
"05-UE-74",2011-03-18,1,777,777,777,0,0,0,777,777,0,39,0,2845,1989-11-09,0,0,0,0,1,0,0,,8,0,0,0,1
"21-UT-95",2011-02-24,1,777,777,777,,,,,,,39,0,3360,1978-02-01,1,0,0,0,0,0,0,,4,0,,0,1
"32-RC-85",2010-10-08,0,777,777,1,0,0,0,0,777,777,41,1,3715,1981-01-19,0,0,0,1,0,0,0,,4,,0,0,1
"69-AG-24",2011-06-14,1,777,777,777,0,0,0,777,777,777,38,1,3071,1982-05-13,0,0,1,0,0,0,1,"Persian",8,0,0,0,1
"73-LQ-97",2011-08-05,0,777,777,777,0,0,0,777,777,777,38,0,3405,1984-08-18,1,0,0,0,0,0,0,,8,0,0,0,1
"46-PP-09",2010-11-03,1,777,777,0,888,888,888,777,777,0,38,0,3910,1976-06-16,0,0,0,0,0,0,1,"Arab",8,0,0,0,1
"55-HA-46",2010-12-10,1,777,777,1,0,0,0,0,777,777,39,1,3550,1981-08-01,1,0,0,0,0,0,0,,4,0,0,0,1
"96-JF-87",2010-09-23,1,777,777,777,0,0,0,777,777,0,38,0,2800,1987-03-06,0,0,0,0,1,0,0,,6,0,1,0,1
"75-HQ-84",2012-04-19,1,777,777,777,0,0,0,777,777,777,41,0,3130,1980-10-03,1,0,0,0,0,0,0,,6,0,0,0,1
